date,building,zone,occupants,building_type,usage_liters,temperature_c,rainfall_mm,is_anomaly
2026-01-01,Boys Hostel - Block A,Hostel Zone,240,hostel,25129,22.3,0.5,0
2026-01-01,Boys Hostel - Block B,Hostel Zone,280,hostel,31603,22.3,0.5,0
2026-01-01,Girls Hostel,Hostel Zone,180,hostel,22361,22.3,0.5,0
2026-01-01,Admin Block,Admin Zone,80,admin,7506,22.3,0.5,0
2026-01-01,Academic Block,Academic Zone,600,academic,59826,22.3,0.5,0
2026-01-01,Library,Academic Zone,200,academic,18023,22.3,0.5,0
2026-01-01,Cafeteria,Recreation Zone,150,utility,24687,22.3,0.5,1
2026-01-01,Workshop Lab,Academic Zone,60,utility,5128,22.3,0.5,0
2026-01-02,Boys Hostel - Block A,Hostel Zone,240,hostel,25226,22.0,0,0
2026-01-02,Boys Hostel - Block B,Hostel Zone,280,hostel,31867,22.0,0,0
2026-01-02,Girls Hostel,Hostel Zone,180,hostel,19014,22.0,0,0
2026-01-02,Admin Block,Admin Zone,80,admin,7884,22.0,0,0
2026-01-02,Academic Block,Academic Zone,600,academic,60486,22.0,0,0
2026-01-02,Library,Academic Zone,200,academic,17756,22.0,0,0
2026-01-02,Cafeteria,Recreation Zone,150,utility,14724,22.0,0,0
2026-01-02,Workshop Lab,Academic Zone,60,utility,5926,22.0,0,0
2026-01-03,Boys Hostel - Block A,Hostel Zone,240,hostel,18392,21.7,0,0
2026-01-03,Boys Hostel - Block B,Hostel Zone,280,hostel,22299,21.7,0,0
2026-01-03,Girls Hostel,Hostel Zone,180,hostel,13225,21.7,0,0
2026-01-03,Admin Block,Admin Zone,80,admin,4872,21.7,0,0
2026-01-03,Academic Block,Academic Zone,600,academic,37459,21.7,0,0
2026-01-03,Library,Academic Zone,200,academic,13098,21.7,0,0
2026-01-03,Cafeteria,Recreation Zone,150,utility,9420,21.7,0,0
2026-01-03,Workshop Lab,Academic Zone,60,utility,3304,21.7,0,0
2026-01-04,Boys Hostel - Block A,Hostel Zone,240,hostel,16853,20.6,0,0
2026-01-04,Boys Hostel - Block B,Hostel Zone,280,hostel,22737,20.6,0,0
2026-01-04,Girls Hostel,Hostel Zone,180,hostel,12609,20.6,0,0
2026-01-04,Admin Block,Admin Zone,80,admin,4754,20.6,0,0
2026-01-04,Academic Block,Academic Zone,600,academic,36135,20.6,0,0
2026-01-04,Library,Academic Zone,200,academic,11752,20.6,0,0
2026-01-04,Cafeteria,Recreation Zone,150,utility,8362,20.6,0,0
2026-01-04,Workshop Lab,Academic Zone,60,utility,3290,20.6,0,0
2026-01-05,Boys Hostel - Block A,Hostel Zone,240,hostel,26105,20.2,0,0
2026-01-05,Boys Hostel - Block B,Hostel Zone,280,hostel,33640,20.2,0,0
2026-01-05,Girls Hostel,Hostel Zone,180,hostel,21275,20.2,0,0
2026-01-05,Admin Block,Admin Zone,80,admin,8144,20.2,0,0
2026-01-05,Academic Block,Academic Zone,600,academic,52910,20.2,0,0
2026-01-05,Library,Academic Zone,200,academic,17429,20.2,0,0
2026-01-05,Cafeteria,Recreation Zone,150,utility,13817,20.2,0,0
2026-01-05,Workshop Lab,Academic Zone,60,utility,5079,20.2,0,0
2026-01-06,Boys Hostel - Block A,Hostel Zone,240,hostel,25906,20.4,0,0
2026-01-06,Boys Hostel - Block B,Hostel Zone,280,hostel,31247,20.4,0,0
2026-01-06,Girls Hostel,Hostel Zone,180,hostel,20428,20.4,0,0
2026-01-06,Admin Block,Admin Zone,80,admin,6869,20.4,0,0
2026-01-06,Academic Block,Academic Zone,600,academic,54270,20.4,0,0
2026-01-06,Library,Academic Zone,200,academic,35318,20.4,0,1
2026-01-06,Cafeteria,Recreation Zone,150,utility,12781,20.4,0,0
2026-01-06,Workshop Lab,Academic Zone,60,utility,5482,20.4,0,0
2026-01-07,Boys Hostel - Block A,Hostel Zone,240,hostel,26289,20.4,0,0
2026-01-07,Boys Hostel - Block B,Hostel Zone,280,hostel,33815,20.4,0,0
2026-01-07,Girls Hostel,Hostel Zone,180,hostel,20072,20.4,0,0
2026-01-07,Admin Block,Admin Zone,80,admin,8152,20.4,0,0
2026-01-07,Academic Block,Academic Zone,600,academic,54985,20.4,0,0
2026-01-07,Library,Academic Zone,200,academic,19297,20.4,0,0
2026-01-07,Cafeteria,Recreation Zone,150,utility,13232,20.4,0,0
2026-01-07,Workshop Lab,Academic Zone,60,utility,6013,20.4,0,0
2026-01-08,Boys Hostel - Block A,Hostel Zone,240,hostel,27703,19.5,0,0
2026-01-08,Boys Hostel - Block B,Hostel Zone,280,hostel,29921,19.5,0,0
2026-01-08,Girls Hostel,Hostel Zone,180,hostel,22422,19.5,0,0
2026-01-08,Admin Block,Admin Zone,80,admin,7287,19.5,0,0
2026-01-08,Academic Block,Academic Zone,600,academic,61199,19.5,0,0
2026-01-08,Library,Academic Zone,200,academic,19113,19.5,0,0
2026-01-08,Cafeteria,Recreation Zone,150,utility,13655,19.5,0,0
2026-01-08,Workshop Lab,Academic Zone,60,utility,5182,19.5,0,0
2026-01-09,Boys Hostel - Block A,Hostel Zone,240,hostel,26769,19.4,0,0
2026-01-09,Boys Hostel - Block B,Hostel Zone,280,hostel,33747,19.4,0,0
2026-01-09,Girls Hostel,Hostel Zone,180,hostel,21399,19.4,0,0
2026-01-09,Admin Block,Admin Zone,80,admin,7886,19.4,0,0
2026-01-09,Academic Block,Academic Zone,600,academic,56131,19.4,0,0
2026-01-09,Library,Academic Zone,200,academic,18685,19.4,0,0
2026-01-09,Cafeteria,Recreation Zone,150,utility,13973,19.4,0,0
2026-01-09,Workshop Lab,Academic Zone,60,utility,5443,19.4,0,0
2026-01-10,Boys Hostel - Block A,Hostel Zone,240,hostel,17424,19.4,0,0
2026-01-10,Boys Hostel - Block B,Hostel Zone,280,hostel,21026,19.4,0,0
2026-01-10,Girls Hostel,Hostel Zone,180,hostel,13020,19.4,0,0
2026-01-10,Admin Block,Admin Zone,80,admin,5286,19.4,0,0
2026-01-10,Academic Block,Academic Zone,600,academic,34242,19.4,0,0
2026-01-10,Library,Academic Zone,200,academic,13353,19.4,0,0
2026-01-10,Cafeteria,Recreation Zone,150,utility,8555,19.4,0,0
2026-01-10,Workshop Lab,Academic Zone,60,utility,3343,19.4,0,0
2026-01-11,Boys Hostel - Block A,Hostel Zone,240,hostel,17428,19.0,0,0
2026-01-11,Boys Hostel - Block B,Hostel Zone,280,hostel,22803,19.0,0,0
2026-01-11,Girls Hostel,Hostel Zone,180,hostel,13592,19.0,0,0
2026-01-11,Admin Block,Admin Zone,80,admin,4844,19.0,0,0
2026-01-11,Academic Block,Academic Zone,600,academic,38469,19.0,0,0
2026-01-11,Library,Academic Zone,200,academic,12959,19.0,0,0
2026-01-11,Cafeteria,Recreation Zone,150,utility,9087,19.0,0,0
2026-01-11,Workshop Lab,Academic Zone,60,utility,3444,19.0,0,0
2026-01-12,Boys Hostel - Block A,Hostel Zone,240,hostel,25536,20.4,0.5,0
2026-01-12,Boys Hostel - Block B,Hostel Zone,280,hostel,34765,20.4,0.5,0
2026-01-12,Girls Hostel,Hostel Zone,180,hostel,21152,20.4,0.5,0
2026-01-12,Admin Block,Admin Zone,80,admin,7744,20.4,0.5,0
2026-01-12,Academic Block,Academic Zone,600,academic,50887,20.4,0.5,0
2026-01-12,Library,Academic Zone,200,academic,18115,20.4,0.5,0
2026-01-12,Cafeteria,Recreation Zone,150,utility,13751,20.4,0.5,0
2026-01-12,Workshop Lab,Academic Zone,60,utility,5891,20.4,0.5,0
2026-01-13,Boys Hostel - Block A,Hostel Zone,240,hostel,29001,21.1,0.8,0
2026-01-13,Boys Hostel - Block B,Hostel Zone,280,hostel,30144,21.1,0.8,0
2026-01-13,Girls Hostel,Hostel Zone,180,hostel,18889,21.1,0.8,0
2026-01-13,Admin Block,Admin Zone,80,admin,7453,21.1,0.8,0
2026-01-13,Academic Block,Academic Zone,600,academic,52256,21.1,0.8,0
2026-01-13,Library,Academic Zone,200,academic,18140,21.1,0.8,0
2026-01-13,Cafeteria,Recreation Zone,150,utility,12917,21.1,0.8,0
2026-01-13,Workshop Lab,Academic Zone,60,utility,5946,21.1,0.8,0
2026-01-14,Boys Hostel - Block A,Hostel Zone,240,hostel,30052,21.7,0.7,0
2026-01-14,Boys Hostel - Block B,Hostel Zone,280,hostel,31481,21.7,0.7,0
2026-01-14,Girls Hostel,Hostel Zone,180,hostel,21004,21.7,0.7,0
2026-01-14,Admin Block,Admin Zone,80,admin,7191,21.7,0.7,0
2026-01-14,Academic Block,Academic Zone,600,academic,53273,21.7,0.7,0
2026-01-14,Library,Academic Zone,200,academic,18896,21.7,0.7,0
2026-01-14,Cafeteria,Recreation Zone,150,utility,14505,21.7,0.7,0
2026-01-14,Workshop Lab,Academic Zone,60,utility,6042,21.7,0.7,0
2026-01-15,Boys Hostel - Block A,Hostel Zone,240,hostel,30111,22.7,0,0
2026-01-15,Boys Hostel - Block B,Hostel Zone,280,hostel,29108,22.7,0,0
2026-01-15,Girls Hostel,Hostel Zone,180,hostel,21668,22.7,0,0
2026-01-15,Admin Block,Admin Zone,80,admin,6771,22.7,0,0
2026-01-15,Academic Block,Academic Zone,600,academic,51883,22.7,0,0
2026-01-15,Library,Academic Zone,200,academic,20089,22.7,0,0
2026-01-15,Cafeteria,Recreation Zone,150,utility,14990,22.7,0,0
2026-01-15,Workshop Lab,Academic Zone,60,utility,6036,22.7,0,0
2026-01-16,Boys Hostel - Block A,Hostel Zone,240,hostel,29114,21.8,0,0
2026-01-16,Boys Hostel - Block B,Hostel Zone,280,hostel,32716,21.8,0,0
2026-01-16,Girls Hostel,Hostel Zone,180,hostel,19957,21.8,0,0
2026-01-16,Admin Block,Admin Zone,80,admin,7732,21.8,0,0
2026-01-16,Academic Block,Academic Zone,600,academic,53133,21.8,0,0
2026-01-16,Library,Academic Zone,200,academic,18317,21.8,0,0
2026-01-16,Cafeteria,Recreation Zone,150,utility,14272,21.8,0,0
2026-01-16,Workshop Lab,Academic Zone,60,utility,5214,21.8,0,0
2026-01-17,Boys Hostel - Block A,Hostel Zone,240,hostel,18089,20.8,0,0
2026-01-17,Boys Hostel - Block B,Hostel Zone,280,hostel,22793,20.8,0,0
2026-01-17,Girls Hostel,Hostel Zone,180,hostel,12967,20.8,0,0
2026-01-17,Admin Block,Admin Zone,80,admin,4828,20.8,0,0
2026-01-17,Academic Block,Academic Zone,600,academic,33477,20.8,0,0
2026-01-17,Library,Academic Zone,200,academic,12259,20.8,0,0
2026-01-17,Cafeteria,Recreation Zone,150,utility,8557,20.8,0,0
2026-01-17,Workshop Lab,Academic Zone,60,utility,3330,20.8,0,0
2026-01-18,Boys Hostel - Block A,Hostel Zone,240,hostel,17663,21.5,0,0
2026-01-18,Boys Hostel - Block B,Hostel Zone,280,hostel,19366,21.5,0,0
2026-01-18,Girls Hostel,Hostel Zone,180,hostel,14207,21.5,0,0
2026-01-18,Admin Block,Admin Zone,80,admin,4720,21.5,0,0
2026-01-18,Academic Block,Academic Zone,600,academic,34223,21.5,0,0
2026-01-18,Library,Academic Zone,200,academic,11521,21.5,0,0
2026-01-18,Cafeteria,Recreation Zone,150,utility,9860,21.5,0,0
2026-01-18,Workshop Lab,Academic Zone,60,utility,7887,21.5,0,1
2026-01-19,Boys Hostel - Block A,Hostel Zone,240,hostel,27859,21.8,0,0
2026-01-19,Boys Hostel - Block B,Hostel Zone,280,hostel,35043,21.8,0,0
2026-01-19,Girls Hostel,Hostel Zone,180,hostel,22270,21.8,0,0
2026-01-19,Admin Block,Admin Zone,80,admin,7141,21.8,0,0
2026-01-19,Academic Block,Academic Zone,600,academic,51561,21.8,0,0
2026-01-19,Library,Academic Zone,200,academic,19829,21.8,0,0
2026-01-19,Cafeteria,Recreation Zone,150,utility,12648,21.8,0,0
2026-01-19,Workshop Lab,Academic Zone,60,utility,5201,21.8,0,0
2026-01-20,Boys Hostel - Block A,Hostel Zone,240,hostel,26066,21.6,0,0
2026-01-20,Boys Hostel - Block B,Hostel Zone,280,hostel,31779,21.6,0,0
2026-01-20,Girls Hostel,Hostel Zone,180,hostel,20245,21.6,0,0
2026-01-20,Admin Block,Admin Zone,80,admin,7447,21.6,0,0
2026-01-20,Academic Block,Academic Zone,600,academic,51857,21.6,0,0
2026-01-20,Library,Academic Zone,200,academic,20167,21.6,0,0
2026-01-20,Cafeteria,Recreation Zone,150,utility,13861,21.6,0,0
2026-01-20,Workshop Lab,Academic Zone,60,utility,5647,21.6,0,0
2026-01-21,Boys Hostel - Block A,Hostel Zone,240,hostel,27715,20.7,0,0
2026-01-21,Boys Hostel - Block B,Hostel Zone,280,hostel,30354,20.7,0,0
2026-01-21,Girls Hostel,Hostel Zone,180,hostel,19068,20.7,0,0
2026-01-21,Admin Block,Admin Zone,80,admin,7829,20.7,0,0
2026-01-21,Academic Block,Academic Zone,600,academic,53932,20.7,0,0
2026-01-21,Library,Academic Zone,200,academic,19259,20.7,0,0
2026-01-21,Cafeteria,Recreation Zone,150,utility,13078,20.7,0,0
2026-01-21,Workshop Lab,Academic Zone,60,utility,5561,20.7,0,0
2026-01-22,Boys Hostel - Block A,Hostel Zone,240,hostel,24869,20.4,0,0
2026-01-22,Boys Hostel - Block B,Hostel Zone,280,hostel,29536,20.4,0,0
2026-01-22,Girls Hostel,Hostel Zone,180,hostel,19236,20.4,0,0
2026-01-22,Admin Block,Admin Zone,80,admin,8103,20.4,0,0
2026-01-22,Academic Block,Academic Zone,600,academic,50967,20.4,0,0
2026-01-22,Library,Academic Zone,200,academic,18486,20.4,0,0
2026-01-22,Cafeteria,Recreation Zone,150,utility,14443,20.4,0,0
2026-01-22,Workshop Lab,Academic Zone,60,utility,6099,20.4,0,0
2026-01-23,Boys Hostel - Block A,Hostel Zone,240,hostel,29349,20.3,0,0
2026-01-23,Boys Hostel - Block B,Hostel Zone,280,hostel,31758,20.3,0,0
2026-01-23,Girls Hostel,Hostel Zone,180,hostel,34132,20.3,0,1
2026-01-23,Admin Block,Admin Zone,80,admin,7304,20.3,0,0
2026-01-23,Academic Block,Academic Zone,600,academic,59407,20.3,0,0
2026-01-23,Library,Academic Zone,200,academic,17008,20.3,0,0
2026-01-23,Cafeteria,Recreation Zone,150,utility,13380,20.3,0,0
2026-01-23,Workshop Lab,Academic Zone,60,utility,5916,20.3,0,0
2026-01-24,Boys Hostel - Block A,Hostel Zone,240,hostel,18377,20.4,0,0
2026-01-24,Boys Hostel - Block B,Hostel Zone,280,hostel,22510,20.4,0,0
2026-01-24,Girls Hostel,Hostel Zone,180,hostel,12861,20.4,0,0
2026-01-24,Admin Block,Admin Zone,80,admin,5331,20.4,0,0
2026-01-24,Academic Block,Academic Zone,600,academic,37369,20.4,0,0
2026-01-24,Library,Academic Zone,200,academic,13066,20.4,0,0
2026-01-24,Cafeteria,Recreation Zone,150,utility,8839,20.4,0,0
2026-01-24,Workshop Lab,Academic Zone,60,utility,3283,20.4,0,0
2026-01-25,Boys Hostel - Block A,Hostel Zone,240,hostel,18932,21.0,0.1,0
2026-01-25,Boys Hostel - Block B,Hostel Zone,280,hostel,19236,21.0,0.1,0
2026-01-25,Girls Hostel,Hostel Zone,180,hostel,13797,21.0,0.1,0
2026-01-25,Admin Block,Admin Zone,80,admin,4476,21.0,0.1,0
2026-01-25,Academic Block,Academic Zone,600,academic,38240,21.0,0.1,0
2026-01-25,Library,Academic Zone,200,academic,12478,21.0,0.1,0
2026-01-25,Cafeteria,Recreation Zone,150,utility,8575,21.0,0.1,0
2026-01-25,Workshop Lab,Academic Zone,60,utility,3848,21.0,0.1,0
2026-01-26,Boys Hostel - Block A,Hostel Zone,240,hostel,29755,20.5,1.3,0
2026-01-26,Boys Hostel - Block B,Hostel Zone,280,hostel,30032,20.5,1.3,0
2026-01-26,Girls Hostel,Hostel Zone,180,hostel,21647,20.5,1.3,0
2026-01-26,Admin Block,Admin Zone,80,admin,8050,20.5,1.3,0
2026-01-26,Academic Block,Academic Zone,600,academic,59021,20.5,1.3,0
2026-01-26,Library,Academic Zone,200,academic,17143,20.5,1.3,0
2026-01-26,Cafeteria,Recreation Zone,150,utility,14265,20.5,1.3,0
2026-01-26,Workshop Lab,Academic Zone,60,utility,6028,20.5,1.3,0
2026-01-27,Boys Hostel - Block A,Hostel Zone,240,hostel,25153,22.1,0,0
2026-01-27,Boys Hostel - Block B,Hostel Zone,280,hostel,29818,22.1,0,0
2026-01-27,Girls Hostel,Hostel Zone,180,hostel,21201,22.1,0,0
2026-01-27,Admin Block,Admin Zone,80,admin,7532,22.1,0,0
2026-01-27,Academic Block,Academic Zone,600,academic,56281,22.1,0,0
2026-01-27,Library,Academic Zone,200,academic,17996,22.1,0,0
2026-01-27,Cafeteria,Recreation Zone,150,utility,14358,22.1,0,0
2026-01-27,Workshop Lab,Academic Zone,60,utility,5766,22.1,0,0
2026-01-28,Boys Hostel - Block A,Hostel Zone,240,hostel,26137,22.6,0,0
2026-01-28,Boys Hostel - Block B,Hostel Zone,280,hostel,29709,22.6,0,0
2026-01-28,Girls Hostel,Hostel Zone,180,hostel,21807,22.6,0,0
2026-01-28,Admin Block,Admin Zone,80,admin,7925,22.6,0,0
2026-01-28,Academic Block,Academic Zone,600,academic,54311,22.6,0,0
2026-01-28,Library,Academic Zone,200,academic,19823,22.6,0,0
2026-01-28,Cafeteria,Recreation Zone,150,utility,12576,22.6,0,0
2026-01-28,Workshop Lab,Academic Zone,60,utility,6054,22.6,0,0
2026-01-29,Boys Hostel - Block A,Hostel Zone,240,hostel,25556,21.9,0,0
2026-01-29,Boys Hostel - Block B,Hostel Zone,280,hostel,30105,21.9,0,0
2026-01-29,Girls Hostel,Hostel Zone,180,hostel,19326,21.9,0,0
2026-01-29,Admin Block,Admin Zone,80,admin,7941,21.9,0,0
2026-01-29,Academic Block,Academic Zone,600,academic,50567,21.9,0,0
2026-01-29,Library,Academic Zone,200,academic,18234,21.9,0,0
2026-01-29,Cafeteria,Recreation Zone,150,utility,14358,21.9,0,0
2026-01-29,Workshop Lab,Academic Zone,60,utility,5240,21.9,0,0
2026-01-30,Boys Hostel - Block A,Hostel Zone,240,hostel,28138,21.9,0,0
2026-01-30,Boys Hostel - Block B,Hostel Zone,280,hostel,31158,21.9,0,0
2026-01-30,Girls Hostel,Hostel Zone,180,hostel,19231,21.9,0,0
2026-01-30,Admin Block,Admin Zone,80,admin,8139,21.9,0,0
2026-01-30,Academic Block,Academic Zone,600,academic,55862,21.9,0,0
2026-01-30,Library,Academic Zone,200,academic,19994,21.9,0,0
2026-01-30,Cafeteria,Recreation Zone,150,utility,13005,21.9,0,0
2026-01-30,Workshop Lab,Academic Zone,60,utility,5645,21.9,0,0
2026-01-31,Boys Hostel - Block A,Hostel Zone,240,hostel,16426,21.6,0,0
2026-01-31,Boys Hostel - Block B,Hostel Zone,280,hostel,19697,21.6,0,0
2026-01-31,Girls Hostel,Hostel Zone,180,hostel,14356,21.6,0,0
2026-01-31,Admin Block,Admin Zone,80,admin,4894,21.6,0,0
2026-01-31,Academic Block,Academic Zone,600,academic,39693,21.6,0,0
2026-01-31,Library,Academic Zone,200,academic,11153,21.6,0,0
2026-01-31,Cafeteria,Recreation Zone,150,utility,9176,21.6,0,0
2026-01-31,Workshop Lab,Academic Zone,60,utility,3303,21.6,0,0
2026-02-01,Boys Hostel - Block A,Hostel Zone,240,hostel,16762,21.7,0,0
2026-02-01,Boys Hostel - Block B,Hostel Zone,280,hostel,19314,21.7,0,0
2026-02-01,Girls Hostel,Hostel Zone,180,hostel,14411,21.7,0,0
2026-02-01,Admin Block,Admin Zone,80,admin,5232,21.7,0,0
2026-02-01,Academic Block,Academic Zone,600,academic,35238,21.7,0,0
2026-02-01,Library,Academic Zone,200,academic,12534,21.7,0,0
2026-02-01,Cafeteria,Recreation Zone,150,utility,9401,21.7,0,0
2026-02-01,Workshop Lab,Academic Zone,60,utility,3312,21.7,0,0
2026-02-02,Boys Hostel - Block A,Hostel Zone,240,hostel,29272,22.1,0,0
2026-02-02,Boys Hostel - Block B,Hostel Zone,280,hostel,33526,22.1,0,0
2026-02-02,Girls Hostel,Hostel Zone,180,hostel,20140,22.1,0,0
2026-02-02,Admin Block,Admin Zone,80,admin,7099,22.1,0,0
2026-02-02,Academic Block,Academic Zone,600,academic,52358,22.1,0,0
2026-02-02,Library,Academic Zone,200,academic,19229,22.1,0,0
2026-02-02,Cafeteria,Recreation Zone,150,utility,15346,22.1,0,0
2026-02-02,Workshop Lab,Academic Zone,60,utility,6025,22.1,0,0
2026-02-03,Boys Hostel - Block A,Hostel Zone,240,hostel,25635,22.1,0,0
2026-02-03,Boys Hostel - Block B,Hostel Zone,280,hostel,35056,22.1,0,0
2026-02-03,Girls Hostel,Hostel Zone,180,hostel,20510,22.1,0,0
2026-02-03,Admin Block,Admin Zone,80,admin,7641,22.1,0,0
2026-02-03,Academic Block,Academic Zone,600,academic,55660,22.1,0,0
2026-02-03,Library,Academic Zone,200,academic,19778,22.1,0,0
2026-02-03,Cafeteria,Recreation Zone,150,utility,14386,22.1,0,0
2026-02-03,Workshop Lab,Academic Zone,60,utility,5632,22.1,0,0
2026-02-04,Boys Hostel - Block A,Hostel Zone,240,hostel,28077,21.6,0,0
2026-02-04,Boys Hostel - Block B,Hostel Zone,280,hostel,31161,21.6,0,0
2026-02-04,Girls Hostel,Hostel Zone,180,hostel,20182,21.6,0,0
2026-02-04,Admin Block,Admin Zone,80,admin,7438,21.6,0,0
2026-02-04,Academic Block,Academic Zone,600,academic,55011,21.6,0,0
2026-02-04,Library,Academic Zone,200,academic,17157,21.6,0,0
2026-02-04,Cafeteria,Recreation Zone,150,utility,12779,21.6,0,0
2026-02-04,Workshop Lab,Academic Zone,60,utility,6120,21.6,0,0
2026-02-05,Boys Hostel - Block A,Hostel Zone,240,hostel,28775,21.9,0,0
2026-02-05,Boys Hostel - Block B,Hostel Zone,280,hostel,32123,21.9,0,0
2026-02-05,Girls Hostel,Hostel Zone,180,hostel,19589,21.9,0,0
2026-02-05,Admin Block,Admin Zone,80,admin,7490,21.9,0,0
2026-02-05,Academic Block,Academic Zone,600,academic,60783,21.9,0,0
2026-02-05,Library,Academic Zone,200,academic,18318,21.9,0,0
2026-02-05,Cafeteria,Recreation Zone,150,utility,14709,21.9,0,0
2026-02-05,Workshop Lab,Academic Zone,60,utility,5408,21.9,0,0
2026-02-06,Boys Hostel - Block A,Hostel Zone,240,hostel,26139,22.0,0,0
2026-02-06,Boys Hostel - Block B,Hostel Zone,280,hostel,34394,22.0,0,0
2026-02-06,Girls Hostel,Hostel Zone,180,hostel,21574,22.0,0,0
2026-02-06,Admin Block,Admin Zone,80,admin,8098,22.0,0,0
2026-02-06,Academic Block,Academic Zone,600,academic,59324,22.0,0,0
2026-02-06,Library,Academic Zone,200,academic,19323,22.0,0,0
2026-02-06,Cafeteria,Recreation Zone,150,utility,13075,22.0,0,0
2026-02-06,Workshop Lab,Academic Zone,60,utility,5308,22.0,0,0
2026-02-07,Boys Hostel - Block A,Hostel Zone,240,hostel,16858,22.4,0,0
2026-02-07,Boys Hostel - Block B,Hostel Zone,280,hostel,35564,22.4,0,1
2026-02-07,Girls Hostel,Hostel Zone,180,hostel,13095,22.4,0,0
2026-02-07,Admin Block,Admin Zone,80,admin,4995,22.4,0,0
2026-02-07,Academic Block,Academic Zone,600,academic,35917,22.4,0,0
2026-02-07,Library,Academic Zone,200,academic,12083,22.4,0,0
2026-02-07,Cafeteria,Recreation Zone,150,utility,9364,22.4,0,0
2026-02-07,Workshop Lab,Academic Zone,60,utility,3789,22.4,0,0
2026-02-08,Boys Hostel - Block A,Hostel Zone,240,hostel,28879,22.9,0,1
2026-02-08,Boys Hostel - Block B,Hostel Zone,280,hostel,22982,22.9,0,0
2026-02-08,Girls Hostel,Hostel Zone,180,hostel,14251,22.9,0,0
2026-02-08,Admin Block,Admin Zone,80,admin,4907,22.9,0,0
2026-02-08,Academic Block,Academic Zone,600,academic,36903,22.9,0,0
2026-02-08,Library,Academic Zone,200,academic,12933,22.9,0,0
2026-02-08,Cafeteria,Recreation Zone,150,utility,9414,22.9,0,0
2026-02-08,Workshop Lab,Academic Zone,60,utility,3373,22.9,0,0
2026-02-09,Boys Hostel - Block A,Hostel Zone,240,hostel,29343,22.9,0,0
2026-02-09,Boys Hostel - Block B,Hostel Zone,280,hostel,31740,22.9,0,0
2026-02-09,Girls Hostel,Hostel Zone,180,hostel,20072,22.9,0,0
2026-02-09,Admin Block,Admin Zone,80,admin,6893,22.9,0,0
2026-02-09,Academic Block,Academic Zone,600,academic,54286,22.9,0,0
2026-02-09,Library,Academic Zone,200,academic,17033,22.9,0,0
2026-02-09,Cafeteria,Recreation Zone,150,utility,12706,22.9,0,0
2026-02-09,Workshop Lab,Academic Zone,60,utility,11580,22.9,0,1
2026-02-10,Boys Hostel - Block A,Hostel Zone,240,hostel,27161,22.3,0,0
2026-02-10,Boys Hostel - Block B,Hostel Zone,280,hostel,29393,22.3,0,0
2026-02-10,Girls Hostel,Hostel Zone,180,hostel,20075,22.3,0,0
2026-02-10,Admin Block,Admin Zone,80,admin,7325,22.3,0,0
2026-02-10,Academic Block,Academic Zone,600,academic,54727,22.3,0,0
2026-02-10,Library,Academic Zone,200,academic,20263,22.3,0,0
2026-02-10,Cafeteria,Recreation Zone,150,utility,13294,22.3,0,0
2026-02-10,Workshop Lab,Academic Zone,60,utility,5442,22.3,0,0
2026-02-11,Boys Hostel - Block A,Hostel Zone,240,hostel,29618,20.8,0,0
2026-02-11,Boys Hostel - Block B,Hostel Zone,280,hostel,33136,20.8,0,0
2026-02-11,Girls Hostel,Hostel Zone,180,hostel,22476,20.8,0,0
2026-02-11,Admin Block,Admin Zone,80,admin,7374,20.8,0,0
2026-02-11,Academic Block,Academic Zone,600,academic,50877,20.8,0,0
2026-02-11,Library,Academic Zone,200,academic,20294,20.8,0,0
2026-02-11,Cafeteria,Recreation Zone,150,utility,14904,20.8,0,0
2026-02-11,Workshop Lab,Academic Zone,60,utility,5441,20.8,0,0
2026-02-12,Boys Hostel - Block A,Hostel Zone,240,hostel,28183,20.7,0,0
2026-02-12,Boys Hostel - Block B,Hostel Zone,280,hostel,31842,20.7,0,0
2026-02-12,Girls Hostel,Hostel Zone,180,hostel,18766,20.7,0,0
2026-02-12,Admin Block,Admin Zone,80,admin,7135,20.7,0,0
2026-02-12,Academic Block,Academic Zone,600,academic,51997,20.7,0,0
2026-02-12,Library,Academic Zone,200,academic,18111,20.7,0,0
2026-02-12,Cafeteria,Recreation Zone,150,utility,14994,20.7,0,0
2026-02-12,Workshop Lab,Academic Zone,60,utility,5967,20.7,0,0
2026-02-13,Boys Hostel - Block A,Hostel Zone,240,hostel,26169,23.3,0,0
2026-02-13,Boys Hostel - Block B,Hostel Zone,280,hostel,30407,23.3,0,0
2026-02-13,Girls Hostel,Hostel Zone,180,hostel,21845,23.3,0,0
2026-02-13,Admin Block,Admin Zone,80,admin,7426,23.3,0,0
2026-02-13,Academic Block,Academic Zone,600,academic,57303,23.3,0,0
2026-02-13,Library,Academic Zone,200,academic,20158,23.3,0,0
2026-02-13,Cafeteria,Recreation Zone,150,utility,15128,23.3,0,0
2026-02-13,Workshop Lab,Academic Zone,60,utility,5470,23.3,0,0
2026-02-14,Boys Hostel - Block A,Hostel Zone,240,hostel,16555,23.0,0,0
2026-02-14,Boys Hostel - Block B,Hostel Zone,280,hostel,22446,23.0,0,0
2026-02-14,Girls Hostel,Hostel Zone,180,hostel,13672,23.0,0,0
2026-02-14,Admin Block,Admin Zone,80,admin,4601,23.0,0,0
2026-02-14,Academic Block,Academic Zone,600,academic,37880,23.0,0,0
2026-02-14,Library,Academic Zone,200,academic,12014,23.0,0,0
2026-02-14,Cafeteria,Recreation Zone,150,utility,9308,23.0,0,0
2026-02-14,Workshop Lab,Academic Zone,60,utility,3408,23.0,0,0
2026-02-15,Boys Hostel - Block A,Hostel Zone,240,hostel,19469,23.8,0,0
2026-02-15,Boys Hostel - Block B,Hostel Zone,280,hostel,21993,23.8,0,0
2026-02-15,Girls Hostel,Hostel Zone,180,hostel,13191,23.8,0,0
2026-02-15,Admin Block,Admin Zone,80,admin,4827,23.8,0,0
2026-02-15,Academic Block,Academic Zone,600,academic,33788,23.8,0,0
2026-02-15,Library,Academic Zone,200,academic,12635,23.8,0,0
2026-02-15,Cafeteria,Recreation Zone,150,utility,9959,23.8,0,0
2026-02-15,Workshop Lab,Academic Zone,60,utility,3584,23.8,0,0
2026-02-16,Boys Hostel - Block A,Hostel Zone,240,hostel,26321,23.2,0,0
2026-02-16,Boys Hostel - Block B,Hostel Zone,280,hostel,34238,23.2,0,0
2026-02-16,Girls Hostel,Hostel Zone,180,hostel,21065,23.2,0,0
2026-02-16,Admin Block,Admin Zone,80,admin,7999,23.2,0,0
2026-02-16,Academic Block,Academic Zone,600,academic,58884,23.2,0,0
2026-02-16,Library,Academic Zone,200,academic,16863,23.2,0,0
2026-02-16,Cafeteria,Recreation Zone,150,utility,13506,23.2,0,0
2026-02-16,Workshop Lab,Academic Zone,60,utility,5210,23.2,0,0
2026-02-17,Boys Hostel - Block A,Hostel Zone,240,hostel,26183,22.9,0,0
2026-02-17,Boys Hostel - Block B,Hostel Zone,280,hostel,29518,22.9,0,0
2026-02-17,Girls Hostel,Hostel Zone,180,hostel,20431,22.9,0,0
2026-02-17,Admin Block,Admin Zone,80,admin,7536,22.9,0,0
2026-02-17,Academic Block,Academic Zone,600,academic,57646,22.9,0,0
2026-02-17,Library,Academic Zone,200,academic,18311,22.9,0,0
2026-02-17,Cafeteria,Recreation Zone,150,utility,14453,22.9,0,0
2026-02-17,Workshop Lab,Academic Zone,60,utility,5885,22.9,0,0
2026-02-18,Boys Hostel - Block A,Hostel Zone,240,hostel,28913,22.6,0,0
2026-02-18,Boys Hostel - Block B,Hostel Zone,280,hostel,32944,22.6,0,0
2026-02-18,Girls Hostel,Hostel Zone,180,hostel,20418,22.6,0,0
2026-02-18,Admin Block,Admin Zone,80,admin,8070,22.6,0,0
2026-02-18,Academic Block,Academic Zone,600,academic,52859,22.6,0,0
2026-02-18,Library,Academic Zone,200,academic,19713,22.6,0,0
2026-02-18,Cafeteria,Recreation Zone,150,utility,15340,22.6,0,0
2026-02-18,Workshop Lab,Academic Zone,60,utility,6085,22.6,0,0
2026-02-19,Boys Hostel - Block A,Hostel Zone,240,hostel,27762,23.5,0,0
2026-02-19,Boys Hostel - Block B,Hostel Zone,280,hostel,34751,23.5,0,0
2026-02-19,Girls Hostel,Hostel Zone,180,hostel,19883,23.5,0,0
2026-02-19,Admin Block,Admin Zone,80,admin,6731,23.5,0,0
2026-02-19,Academic Block,Academic Zone,600,academic,57310,23.5,0,0
2026-02-19,Library,Academic Zone,200,academic,17629,23.5,0,0
2026-02-19,Cafeteria,Recreation Zone,150,utility,13223,23.5,0,0
2026-02-19,Workshop Lab,Academic Zone,60,utility,6058,23.5,0,0
2026-02-20,Boys Hostel - Block A,Hostel Zone,240,hostel,25271,23.9,0,0
2026-02-20,Boys Hostel - Block B,Hostel Zone,280,hostel,32597,23.9,0,0
2026-02-20,Girls Hostel,Hostel Zone,180,hostel,22627,23.9,0,0
2026-02-20,Admin Block,Admin Zone,80,admin,16561,23.9,0,1
2026-02-20,Academic Block,Academic Zone,600,academic,51313,23.9,0,0
2026-02-20,Library,Academic Zone,200,academic,20408,23.9,0,0
2026-02-20,Cafeteria,Recreation Zone,150,utility,13874,23.9,0,0
2026-02-20,Workshop Lab,Academic Zone,60,utility,5518,23.9,0,0
2026-02-21,Boys Hostel - Block A,Hostel Zone,240,hostel,18938,24.4,0.1,0
2026-02-21,Boys Hostel - Block B,Hostel Zone,280,hostel,19494,24.4,0.1,0
2026-02-21,Girls Hostel,Hostel Zone,180,hostel,13341,24.4,0.1,0
2026-02-21,Admin Block,Admin Zone,80,admin,4829,24.4,0.1,0
2026-02-21,Academic Block,Academic Zone,600,academic,37883,24.4,0.1,0
2026-02-21,Library,Academic Zone,200,academic,11787,24.4,0.1,0
2026-02-21,Cafeteria,Recreation Zone,150,utility,8622,24.4,0.1,0
2026-02-21,Workshop Lab,Academic Zone,60,utility,3955,24.4,0.1,0
2026-02-22,Boys Hostel - Block A,Hostel Zone,240,hostel,18294,25.1,0,0
2026-02-22,Boys Hostel - Block B,Hostel Zone,280,hostel,18967,25.1,0,0
2026-02-22,Girls Hostel,Hostel Zone,180,hostel,13180,25.1,0,0
2026-02-22,Admin Block,Admin Zone,80,admin,4758,25.1,0,0
2026-02-22,Academic Block,Academic Zone,600,academic,34164,25.1,0,0
2026-02-22,Library,Academic Zone,200,academic,11455,25.1,0,0
2026-02-22,Cafeteria,Recreation Zone,150,utility,8476,25.1,0,0
2026-02-22,Workshop Lab,Academic Zone,60,utility,3686,25.1,0,0
2026-02-23,Boys Hostel - Block A,Hostel Zone,240,hostel,27245,25.1,0,0
2026-02-23,Boys Hostel - Block B,Hostel Zone,280,hostel,30690,25.1,0,0
2026-02-23,Girls Hostel,Hostel Zone,180,hostel,22124,25.1,0,0
2026-02-23,Admin Block,Admin Zone,80,admin,7307,25.1,0,0
2026-02-23,Academic Block,Academic Zone,600,academic,125004,25.1,0,1
2026-02-23,Library,Academic Zone,200,academic,20463,25.1,0,0
2026-02-23,Cafeteria,Recreation Zone,150,utility,14267,25.1,0,0
2026-02-23,Workshop Lab,Academic Zone,60,utility,5708,25.1,0,0
2026-02-24,Boys Hostel - Block A,Hostel Zone,240,hostel,28864,25.2,0,0
2026-02-24,Boys Hostel - Block B,Hostel Zone,280,hostel,33661,25.2,0,0
2026-02-24,Girls Hostel,Hostel Zone,180,hostel,20084,25.2,0,0
2026-02-24,Admin Block,Admin Zone,80,admin,6808,25.2,0,0
2026-02-24,Academic Block,Academic Zone,600,academic,51946,25.2,0,0
2026-02-24,Library,Academic Zone,200,academic,18654,25.2,0,0
2026-02-24,Cafeteria,Recreation Zone,150,utility,14444,25.2,0,0
2026-02-24,Workshop Lab,Academic Zone,60,utility,5640,25.2,0,0
2026-02-25,Boys Hostel - Block A,Hostel Zone,240,hostel,26366,24.8,0.1,0
2026-02-25,Boys Hostel - Block B,Hostel Zone,280,hostel,32035,24.8,0.1,0
2026-02-25,Girls Hostel,Hostel Zone,180,hostel,20366,24.8,0.1,0
2026-02-25,Admin Block,Admin Zone,80,admin,7741,24.8,0.1,0
2026-02-25,Academic Block,Academic Zone,600,academic,51811,24.8,0.1,0
2026-02-25,Library,Academic Zone,200,academic,19632,24.8,0.1,0
2026-02-25,Cafeteria,Recreation Zone,150,utility,13420,24.8,0.1,0
2026-02-25,Workshop Lab,Academic Zone,60,utility,5440,24.8,0.1,0
2026-02-26,Boys Hostel - Block A,Hostel Zone,240,hostel,26571,25.5,0.1,0
2026-02-26,Boys Hostel - Block B,Hostel Zone,280,hostel,32723,25.5,0.1,0
2026-02-26,Girls Hostel,Hostel Zone,180,hostel,18938,25.5,0.1,0
2026-02-26,Admin Block,Admin Zone,80,admin,7454,25.5,0.1,0
2026-02-26,Academic Block,Academic Zone,600,academic,51838,25.5,0.1,0
2026-02-26,Library,Academic Zone,200,academic,20307,25.5,0.1,0
2026-02-26,Cafeteria,Recreation Zone,150,utility,14420,25.5,0.1,0
2026-02-26,Workshop Lab,Academic Zone,60,utility,6168,25.5,0.1,0
2026-02-27,Boys Hostel - Block A,Hostel Zone,240,hostel,26333,26.1,0,0
2026-02-27,Boys Hostel - Block B,Hostel Zone,280,hostel,35739,26.1,0,0
2026-02-27,Girls Hostel,Hostel Zone,180,hostel,21201,26.1,0,0
2026-02-27,Admin Block,Admin Zone,80,admin,7767,26.1,0,0
2026-02-27,Academic Block,Academic Zone,600,academic,61726,26.1,0,0
2026-02-27,Library,Academic Zone,200,academic,18529,26.1,0,0
2026-02-27,Cafeteria,Recreation Zone,150,utility,13347,26.1,0,0
2026-02-27,Workshop Lab,Academic Zone,60,utility,6052,26.1,0,0
2026-02-28,Boys Hostel - Block A,Hostel Zone,240,hostel,18779,25.5,0,0
2026-02-28,Boys Hostel - Block B,Hostel Zone,280,hostel,21692,25.5,0,0
2026-02-28,Girls Hostel,Hostel Zone,180,hostel,14583,25.5,0,0
2026-02-28,Admin Block,Admin Zone,80,admin,4935,25.5,0,0
2026-02-28,Academic Block,Academic Zone,600,academic,33979,25.5,0,0
2026-02-28,Library,Academic Zone,200,academic,13342,25.5,0,0
2026-02-28,Cafeteria,Recreation Zone,150,utility,10020,25.5,0,0
2026-02-28,Workshop Lab,Academic Zone,60,utility,3627,25.5,0,0
2026-03-01,Boys Hostel - Block A,Hostel Zone,240,hostel,19075,25.6,0,0
2026-03-01,Boys Hostel - Block B,Hostel Zone,280,hostel,22282,25.6,0,0
2026-03-01,Girls Hostel,Hostel Zone,180,hostel,14025,25.6,0,0
2026-03-01,Admin Block,Admin Zone,80,admin,5125,25.6,0,0
2026-03-01,Academic Block,Academic Zone,600,academic,37924,25.6,0,0
2026-03-01,Library,Academic Zone,200,academic,11514,25.6,0,0
2026-03-01,Cafeteria,Recreation Zone,150,utility,9855,25.6,0,0
2026-03-01,Workshop Lab,Academic Zone,60,utility,3613,25.6,0,0
2026-03-02,Boys Hostel - Block A,Hostel Zone,240,hostel,28803,26.2,0,0
2026-03-02,Boys Hostel - Block B,Hostel Zone,280,hostel,31669,26.2,0,0
2026-03-02,Girls Hostel,Hostel Zone,180,hostel,21425,26.2,0,0
2026-03-02,Admin Block,Admin Zone,80,admin,7214,26.2,0,0
2026-03-02,Academic Block,Academic Zone,600,academic,55407,26.2,0,0
2026-03-02,Library,Academic Zone,200,academic,17669,26.2,0,0
2026-03-02,Cafeteria,Recreation Zone,150,utility,12986,26.2,0,0
2026-03-02,Workshop Lab,Academic Zone,60,utility,5849,26.2,0,0
2026-03-03,Boys Hostel - Block A,Hostel Zone,240,hostel,28990,26.1,0,0
2026-03-03,Boys Hostel - Block B,Hostel Zone,280,hostel,32686,26.1,0,0
2026-03-03,Girls Hostel,Hostel Zone,180,hostel,20320,26.1,0,0
2026-03-03,Admin Block,Admin Zone,80,admin,7163,26.1,0,0
2026-03-03,Academic Block,Academic Zone,600,academic,52574,26.1,0,0
2026-03-03,Library,Academic Zone,200,academic,17562,26.1,0,0
2026-03-03,Cafeteria,Recreation Zone,150,utility,13869,26.1,0,0
2026-03-03,Workshop Lab,Academic Zone,60,utility,6160,26.1,0,0
2026-03-04,Boys Hostel - Block A,Hostel Zone,240,hostel,30650,26.0,0,0
2026-03-04,Boys Hostel - Block B,Hostel Zone,280,hostel,34029,26.0,0,0
2026-03-04,Girls Hostel,Hostel Zone,180,hostel,22926,26.0,0,0
2026-03-04,Admin Block,Admin Zone,80,admin,7181,26.0,0,0
2026-03-04,Academic Block,Academic Zone,600,academic,54928,26.0,0,0
2026-03-04,Library,Academic Zone,200,academic,18500,26.0,0,0
2026-03-04,Cafeteria,Recreation Zone,150,utility,15343,26.0,0,0
2026-03-04,Workshop Lab,Academic Zone,60,utility,5458,26.0,0,0
2026-03-05,Boys Hostel - Block A,Hostel Zone,240,hostel,30787,26.2,0,0
2026-03-05,Boys Hostel - Block B,Hostel Zone,280,hostel,35007,26.2,0,0
2026-03-05,Girls Hostel,Hostel Zone,180,hostel,20345,26.2,0,0
2026-03-05,Admin Block,Admin Zone,80,admin,7926,26.2,0,0
2026-03-05,Academic Block,Academic Zone,600,academic,51632,26.2,0,0
2026-03-05,Library,Academic Zone,200,academic,19493,26.2,0,0
2026-03-05,Cafeteria,Recreation Zone,150,utility,15598,26.2,0,0
2026-03-05,Workshop Lab,Academic Zone,60,utility,5142,26.2,0,0
2026-03-06,Boys Hostel - Block A,Hostel Zone,240,hostel,30898,27.0,0,0
2026-03-06,Boys Hostel - Block B,Hostel Zone,280,hostel,30265,27.0,0,0
2026-03-06,Girls Hostel,Hostel Zone,180,hostel,19596,27.0,0,0
2026-03-06,Admin Block,Admin Zone,80,admin,7200,27.0,0,0
2026-03-06,Academic Block,Academic Zone,600,academic,53994,27.0,0,0
2026-03-06,Library,Academic Zone,200,academic,17358,27.0,0,0
2026-03-06,Cafeteria,Recreation Zone,150,utility,13578,27.0,0,0
2026-03-06,Workshop Lab,Academic Zone,60,utility,5340,27.0,0,0
2026-03-07,Boys Hostel - Block A,Hostel Zone,240,hostel,20134,26.7,0,0
2026-03-07,Boys Hostel - Block B,Hostel Zone,280,hostel,21884,26.7,0,0
2026-03-07,Girls Hostel,Hostel Zone,180,hostel,13118,26.7,0,0
2026-03-07,Admin Block,Admin Zone,80,admin,4945,26.7,0,0
2026-03-07,Academic Block,Academic Zone,600,academic,36266,26.7,0,0
2026-03-07,Library,Academic Zone,200,academic,13396,26.7,0,0
2026-03-07,Cafeteria,Recreation Zone,150,utility,9253,26.7,0,0
2026-03-07,Workshop Lab,Academic Zone,60,utility,3978,26.7,0,0
2026-03-08,Boys Hostel - Block A,Hostel Zone,240,hostel,17462,26.8,0,0
2026-03-08,Boys Hostel - Block B,Hostel Zone,280,hostel,23166,26.8,0,0
2026-03-08,Girls Hostel,Hostel Zone,180,hostel,14208,26.8,0,0
2026-03-08,Admin Block,Admin Zone,80,admin,4727,26.8,0,0
2026-03-08,Academic Block,Academic Zone,600,academic,36481,26.8,0,0
2026-03-08,Library,Academic Zone,200,academic,13423,26.8,0,0
2026-03-08,Cafeteria,Recreation Zone,150,utility,16608,26.8,0,1
2026-03-08,Workshop Lab,Academic Zone,60,utility,3922,26.8,0,0
2026-03-09,Boys Hostel - Block A,Hostel Zone,240,hostel,29233,25.3,0,0
2026-03-09,Boys Hostel - Block B,Hostel Zone,280,hostel,33325,25.3,0,0
2026-03-09,Girls Hostel,Hostel Zone,180,hostel,19734,25.3,0,0
2026-03-09,Admin Block,Admin Zone,80,admin,8106,25.3,0,0
2026-03-09,Academic Block,Academic Zone,600,academic,52878,25.3,0,0
2026-03-09,Library,Academic Zone,200,academic,16987,25.3,0,0
2026-03-09,Cafeteria,Recreation Zone,150,utility,12787,25.3,0,0
2026-03-09,Workshop Lab,Academic Zone,60,utility,6064,25.3,0,0
2026-03-10,Boys Hostel - Block A,Hostel Zone,240,hostel,27729,24.1,0,0
2026-03-10,Boys Hostel - Block B,Hostel Zone,280,hostel,64836,24.1,0,1
2026-03-10,Girls Hostel,Hostel Zone,180,hostel,21377,24.1,0,0
2026-03-10,Admin Block,Admin Zone,80,admin,7791,24.1,0,0
2026-03-10,Academic Block,Academic Zone,600,academic,60960,24.1,0,0
2026-03-10,Library,Academic Zone,200,academic,18880,24.1,0,0
2026-03-10,Cafeteria,Recreation Zone,150,utility,14194,24.1,0,0
2026-03-10,Workshop Lab,Academic Zone,60,utility,5986,24.1,0,0
2026-03-11,Boys Hostel - Block A,Hostel Zone,240,hostel,30021,24.8,0,0
2026-03-11,Boys Hostel - Block B,Hostel Zone,280,hostel,34553,24.8,0,0
2026-03-11,Girls Hostel,Hostel Zone,180,hostel,20706,24.8,0,0
2026-03-11,Admin Block,Admin Zone,80,admin,7699,24.8,0,0
2026-03-11,Academic Block,Academic Zone,600,academic,55478,24.8,0,0
2026-03-11,Library,Academic Zone,200,academic,18498,24.8,0,0
2026-03-11,Cafeteria,Recreation Zone,150,utility,15343,24.8,0,0
2026-03-11,Workshop Lab,Academic Zone,60,utility,5630,24.8,0,0
2026-03-12,Boys Hostel - Block A,Hostel Zone,240,hostel,27065,26.3,0,0
2026-03-12,Boys Hostel - Block B,Hostel Zone,280,hostel,35468,26.3,0,0
2026-03-12,Girls Hostel,Hostel Zone,180,hostel,21664,26.3,0,0
2026-03-12,Admin Block,Admin Zone,80,admin,7712,26.3,0,0
2026-03-12,Academic Block,Academic Zone,600,academic,53543,26.3,0,0
2026-03-12,Library,Academic Zone,200,academic,19555,26.3,0,0
2026-03-12,Cafeteria,Recreation Zone,150,utility,13087,26.3,0,0
2026-03-12,Workshop Lab,Academic Zone,60,utility,5411,26.3,0,0
2026-03-13,Boys Hostel - Block A,Hostel Zone,240,hostel,29561,27.0,0,0
2026-03-13,Boys Hostel - Block B,Hostel Zone,280,hostel,33408,27.0,0,0
2026-03-13,Girls Hostel,Hostel Zone,180,hostel,22195,27.0,0,0
2026-03-13,Admin Block,Admin Zone,80,admin,8255,27.0,0,0
2026-03-13,Academic Block,Academic Zone,600,academic,60252,27.0,0,0
2026-03-13,Library,Academic Zone,200,academic,17683,27.0,0,0
2026-03-13,Cafeteria,Recreation Zone,150,utility,13352,27.0,0,0
2026-03-13,Workshop Lab,Academic Zone,60,utility,5341,27.0,0,0
2026-03-14,Boys Hostel - Block A,Hostel Zone,240,hostel,18235,26.4,0,0
2026-03-14,Boys Hostel - Block B,Hostel Zone,280,hostel,22989,26.4,0,0
2026-03-14,Girls Hostel,Hostel Zone,180,hostel,14616,26.4,0,0
2026-03-14,Admin Block,Admin Zone,80,admin,5073,26.4,0,0
2026-03-14,Academic Block,Academic Zone,600,academic,40436,26.4,0,0
2026-03-14,Library,Academic Zone,200,academic,11948,26.4,0,0
2026-03-14,Cafeteria,Recreation Zone,150,utility,8924,26.4,0,0
2026-03-14,Workshop Lab,Academic Zone,60,utility,4077,26.4,0,0
2026-03-15,Boys Hostel - Block A,Hostel Zone,240,hostel,16739,26.4,0,0
2026-03-15,Boys Hostel - Block B,Hostel Zone,280,hostel,20888,26.4,0,0
2026-03-15,Girls Hostel,Hostel Zone,180,hostel,14145,26.4,0,0
2026-03-15,Admin Block,Admin Zone,80,admin,5304,26.4,0,0
2026-03-15,Academic Block,Academic Zone,600,academic,38482,26.4,0,0
2026-03-15,Library,Academic Zone,200,academic,11341,26.4,0,0
2026-03-15,Cafeteria,Recreation Zone,150,utility,9637,26.4,0,0
2026-03-15,Workshop Lab,Academic Zone,60,utility,3859,26.4,0,0
2026-03-16,Boys Hostel - Block A,Hostel Zone,240,hostel,26518,26.7,0.1,0
2026-03-16,Boys Hostel - Block B,Hostel Zone,280,hostel,32073,26.7,0.1,0
2026-03-16,Girls Hostel,Hostel Zone,180,hostel,23143,26.7,0.1,0
2026-03-16,Admin Block,Admin Zone,80,admin,15271,26.7,0.1,1
2026-03-16,Academic Block,Academic Zone,600,academic,51672,26.7,0.1,0
2026-03-16,Library,Academic Zone,200,academic,18868,26.7,0.1,0
2026-03-16,Cafeteria,Recreation Zone,150,utility,13745,26.7,0.1,0
2026-03-16,Workshop Lab,Academic Zone,60,utility,6252,26.7,0.1,0
2026-03-17,Boys Hostel - Block A,Hostel Zone,240,hostel,30225,26.0,1.5,0
2026-03-17,Boys Hostel - Block B,Hostel Zone,280,hostel,35192,26.0,1.5,0
2026-03-17,Girls Hostel,Hostel Zone,180,hostel,22503,26.0,1.5,0
2026-03-17,Admin Block,Admin Zone,80,admin,8081,26.0,1.5,0
2026-03-17,Academic Block,Academic Zone,600,academic,62242,26.0,1.5,0
2026-03-17,Library,Academic Zone,200,academic,19838,26.0,1.5,0
2026-03-17,Cafeteria,Recreation Zone,150,utility,14393,26.0,1.5,0
2026-03-17,Workshop Lab,Academic Zone,60,utility,5627,26.0,1.5,0
2026-03-18,Boys Hostel - Block A,Hostel Zone,240,hostel,29327,24.4,1.4,0
2026-03-18,Boys Hostel - Block B,Hostel Zone,280,hostel,29915,24.4,1.4,0
2026-03-18,Girls Hostel,Hostel Zone,180,hostel,20922,24.4,1.4,0
2026-03-18,Admin Block,Admin Zone,80,admin,7503,24.4,1.4,0
2026-03-18,Academic Block,Academic Zone,600,academic,50963,24.4,1.4,0
2026-03-18,Library,Academic Zone,200,academic,18499,24.4,1.4,0
2026-03-18,Cafeteria,Recreation Zone,150,utility,14868,24.4,1.4,0
2026-03-18,Workshop Lab,Academic Zone,60,utility,5967,24.4,1.4,0
2026-03-19,Boys Hostel - Block A,Hostel Zone,240,hostel,25844,24.2,0,0
2026-03-19,Boys Hostel - Block B,Hostel Zone,280,hostel,32115,24.2,0,0
2026-03-19,Girls Hostel,Hostel Zone,180,hostel,21500,24.2,0,0
2026-03-19,Admin Block,Admin Zone,80,admin,7091,24.2,0,0
2026-03-19,Academic Block,Academic Zone,600,academic,54590,24.2,0,0
2026-03-19,Library,Academic Zone,200,academic,19537,24.2,0,0
2026-03-19,Cafeteria,Recreation Zone,150,utility,14073,24.2,0,0
2026-03-19,Workshop Lab,Academic Zone,60,utility,6040,24.2,0,0
2026-03-20,Boys Hostel - Block A,Hostel Zone,240,hostel,27597,24.6,0,0
2026-03-20,Boys Hostel - Block B,Hostel Zone,280,hostel,29877,24.6,0,0
2026-03-20,Girls Hostel,Hostel Zone,180,hostel,21878,24.6,0,0
2026-03-20,Admin Block,Admin Zone,80,admin,7392,24.6,0,0
2026-03-20,Academic Block,Academic Zone,600,academic,51887,24.6,0,0
2026-03-20,Library,Academic Zone,200,academic,17608,24.6,0,0
2026-03-20,Cafeteria,Recreation Zone,150,utility,14537,24.6,0,0
2026-03-20,Workshop Lab,Academic Zone,60,utility,6025,24.6,0,0
2026-03-21,Boys Hostel - Block A,Hostel Zone,240,hostel,18997,25.7,0.6,0
2026-03-21,Boys Hostel - Block B,Hostel Zone,280,hostel,21220,25.7,0.6,0
2026-03-21,Girls Hostel,Hostel Zone,180,hostel,13392,25.7,0.6,0
2026-03-21,Admin Block,Admin Zone,80,admin,5162,25.7,0.6,0
2026-03-21,Academic Block,Academic Zone,600,academic,37551,25.7,0.6,0
2026-03-21,Library,Academic Zone,200,academic,13395,25.7,0.6,0
2026-03-21,Cafeteria,Recreation Zone,150,utility,8668,25.7,0.6,0
2026-03-21,Workshop Lab,Academic Zone,60,utility,3733,25.7,0.6,0
2026-03-22,Boys Hostel - Block A,Hostel Zone,240,hostel,17707,26.0,1.3,0
2026-03-22,Boys Hostel - Block B,Hostel Zone,280,hostel,20026,26.0,1.3,0
2026-03-22,Girls Hostel,Hostel Zone,180,hostel,14467,26.0,1.3,0
2026-03-22,Admin Block,Admin Zone,80,admin,5238,26.0,1.3,0
2026-03-22,Academic Block,Academic Zone,600,academic,38798,26.0,1.3,0
2026-03-22,Library,Academic Zone,200,academic,12116,26.0,1.3,0
2026-03-22,Cafeteria,Recreation Zone,150,utility,9706,26.0,1.3,0
2026-03-22,Workshop Lab,Academic Zone,60,utility,3406,26.0,1.3,0
2026-03-23,Boys Hostel - Block A,Hostel Zone,240,hostel,26988,26.8,0,0
2026-03-23,Boys Hostel - Block B,Hostel Zone,280,hostel,29857,26.8,0,0
2026-03-23,Girls Hostel,Hostel Zone,180,hostel,20863,26.8,0,0
2026-03-23,Admin Block,Admin Zone,80,admin,7883,26.8,0,0
2026-03-23,Academic Block,Academic Zone,600,academic,58185,26.8,0,0
2026-03-23,Library,Academic Zone,200,academic,21000,26.8,0,0
2026-03-23,Cafeteria,Recreation Zone,150,utility,14028,26.8,0,0
2026-03-23,Workshop Lab,Academic Zone,60,utility,6057,26.8,0,0
2026-03-24,Boys Hostel - Block A,Hostel Zone,240,hostel,30620,26.6,0,0
2026-03-24,Boys Hostel - Block B,Hostel Zone,280,hostel,32070,26.6,0,0
2026-03-24,Girls Hostel,Hostel Zone,180,hostel,19305,26.6,0,0
2026-03-24,Admin Block,Admin Zone,80,admin,6876,26.6,0,0
2026-03-24,Academic Block,Academic Zone,600,academic,53496,26.6,0,0
2026-03-24,Library,Academic Zone,200,academic,20729,26.6,0,0
2026-03-24,Cafeteria,Recreation Zone,150,utility,14774,26.6,0,0
2026-03-24,Workshop Lab,Academic Zone,60,utility,5455,26.6,0,0
2026-03-25,Boys Hostel - Block A,Hostel Zone,240,hostel,28591,26.9,0,0
2026-03-25,Boys Hostel - Block B,Hostel Zone,280,hostel,36414,26.9,0,0
2026-03-25,Girls Hostel,Hostel Zone,180,hostel,20444,26.9,0,0
2026-03-25,Admin Block,Admin Zone,80,admin,6944,26.9,0,0
2026-03-25,Academic Block,Academic Zone,600,academic,52423,26.9,0,0
2026-03-25,Library,Academic Zone,200,academic,20859,26.9,0,0
2026-03-25,Cafeteria,Recreation Zone,150,utility,14489,26.9,0,0
2026-03-25,Workshop Lab,Academic Zone,60,utility,6283,26.9,0,0
2026-03-26,Boys Hostel - Block A,Hostel Zone,240,hostel,28515,27.1,0,0
2026-03-26,Boys Hostel - Block B,Hostel Zone,280,hostel,33337,27.1,0,0
2026-03-26,Girls Hostel,Hostel Zone,180,hostel,20349,27.1,0,0
2026-03-26,Admin Block,Admin Zone,80,admin,7557,27.1,0,0
2026-03-26,Academic Block,Academic Zone,600,academic,58323,27.1,0,0
2026-03-26,Library,Academic Zone,200,academic,18121,27.1,0,0
2026-03-26,Cafeteria,Recreation Zone,150,utility,15784,27.1,0,0
2026-03-26,Workshop Lab,Academic Zone,60,utility,5383,27.1,0,0
2026-03-27,Boys Hostel - Block A,Hostel Zone,240,hostel,29564,28.1,0,0
2026-03-27,Boys Hostel - Block B,Hostel Zone,280,hostel,32606,28.1,0,0
2026-03-27,Girls Hostel,Hostel Zone,180,hostel,19633,28.1,0,0
2026-03-27,Admin Block,Admin Zone,80,admin,8414,28.1,0,0
2026-03-27,Academic Block,Academic Zone,600,academic,56804,28.1,0,0
2026-03-27,Library,Academic Zone,200,academic,19691,28.1,0,0
2026-03-27,Cafeteria,Recreation Zone,150,utility,14910,28.1,0,0
2026-03-27,Workshop Lab,Academic Zone,60,utility,5400,28.1,0,0
2026-03-28,Boys Hostel - Block A,Hostel Zone,240,hostel,20332,28.0,0,0
2026-03-28,Boys Hostel - Block B,Hostel Zone,280,hostel,24039,28.0,0,0
2026-03-28,Girls Hostel,Hostel Zone,180,hostel,14142,28.0,0,0
2026-03-28,Admin Block,Admin Zone,80,admin,5248,28.0,0,0
2026-03-28,Academic Block,Academic Zone,600,academic,37881,28.0,0,0
2026-03-28,Library,Academic Zone,200,academic,13332,28.0,0,0
2026-03-28,Cafeteria,Recreation Zone,150,utility,9659,28.0,0,0
2026-03-28,Workshop Lab,Academic Zone,60,utility,3675,28.0,0,0
2026-03-29,Boys Hostel - Block A,Hostel Zone,240,hostel,19072,27.4,0.8,0
2026-03-29,Boys Hostel - Block B,Hostel Zone,280,hostel,21427,27.4,0.8,0
2026-03-29,Girls Hostel,Hostel Zone,180,hostel,13969,27.4,0.8,0
2026-03-29,Admin Block,Admin Zone,80,admin,5122,27.4,0.8,0
2026-03-29,Academic Block,Academic Zone,600,academic,40762,27.4,0.8,0
2026-03-29,Library,Academic Zone,200,academic,12669,27.4,0.8,0
2026-03-29,Cafeteria,Recreation Zone,150,utility,10227,27.4,0.8,0
2026-03-29,Workshop Lab,Academic Zone,60,utility,3606,27.4,0.8,0
2026-03-30,Boys Hostel - Block A,Hostel Zone,240,hostel,26594,27.0,0.1,0
2026-03-30,Boys Hostel - Block B,Hostel Zone,280,hostel,30808,27.0,0.1,0
2026-03-30,Girls Hostel,Hostel Zone,180,hostel,20729,27.0,0.1,0
2026-03-30,Admin Block,Admin Zone,80,admin,8127,27.0,0.1,0
2026-03-30,Academic Block,Academic Zone,600,academic,55911,27.0,0.1,0
2026-03-30,Library,Academic Zone,200,academic,20971,27.0,0.1,0
2026-03-30,Cafeteria,Recreation Zone,150,utility,14195,27.0,0.1,0
2026-03-30,Workshop Lab,Academic Zone,60,utility,6283,27.0,0.1,0
2026-03-31,Boys Hostel - Block A,Hostel Zone,240,hostel,30983,27.5,0,0
2026-03-31,Boys Hostel - Block B,Hostel Zone,280,hostel,36688,27.5,0,0
2026-03-31,Girls Hostel,Hostel Zone,180,hostel,20100,27.5,0,0
2026-03-31,Admin Block,Admin Zone,80,admin,6965,27.5,0,0
2026-03-31,Academic Block,Academic Zone,600,academic,63655,27.5,0,0
2026-03-31,Library,Academic Zone,200,academic,18345,27.5,0,0
2026-03-31,Cafeteria,Recreation Zone,150,utility,15159,27.5,0,0
2026-03-31,Workshop Lab,Academic Zone,60,utility,5773,27.5,0,0
2026-04-01,Boys Hostel - Block A,Hostel Zone,240,hostel,26632,27.0,0,0
2026-04-01,Boys Hostel - Block B,Hostel Zone,280,hostel,32696,27.0,0,0
2026-04-01,Girls Hostel,Hostel Zone,180,hostel,21400,27.0,0,0
2026-04-01,Admin Block,Admin Zone,80,admin,7846,27.0,0,0
2026-04-01,Academic Block,Academic Zone,600,academic,59112,27.0,0,0
2026-04-01,Library,Academic Zone,200,academic,17338,27.0,0,0
2026-04-01,Cafeteria,Recreation Zone,150,utility,13208,27.0,0,0
2026-04-01,Workshop Lab,Academic Zone,60,utility,6197,27.0,0,0
2026-04-02,Boys Hostel - Block A,Hostel Zone,240,hostel,30158,26.8,0,0
2026-04-02,Boys Hostel - Block B,Hostel Zone,280,hostel,30122,26.8,0,0
2026-04-02,Girls Hostel,Hostel Zone,180,hostel,21809,26.8,0,0
2026-04-02,Admin Block,Admin Zone,80,admin,7484,26.8,0,0
2026-04-02,Academic Block,Academic Zone,600,academic,53833,26.8,0,0
2026-04-02,Library,Academic Zone,200,academic,20521,26.8,0,0
2026-04-02,Cafeteria,Recreation Zone,150,utility,13764,26.8,0,0
2026-04-02,Workshop Lab,Academic Zone,60,utility,5704,26.8,0,0
2026-04-03,Boys Hostel - Block A,Hostel Zone,240,hostel,28526,27.8,0,0
2026-04-03,Boys Hostel - Block B,Hostel Zone,280,hostel,30816,27.8,0,0
2026-04-03,Girls Hostel,Hostel Zone,180,hostel,22622,27.8,0,0
2026-04-03,Admin Block,Admin Zone,80,admin,7919,27.8,0,0
2026-04-03,Academic Block,Academic Zone,600,academic,58258,27.8,0,0
2026-04-03,Library,Academic Zone,200,academic,18839,27.8,0,0
2026-04-03,Cafeteria,Recreation Zone,150,utility,14969,27.8,0,0
2026-04-03,Workshop Lab,Academic Zone,60,utility,6203,27.8,0,0
2026-04-04,Boys Hostel - Block A,Hostel Zone,240,hostel,17067,27.3,0.3,0
2026-04-04,Boys Hostel - Block B,Hostel Zone,280,hostel,21889,27.3,0.3,0
2026-04-04,Girls Hostel,Hostel Zone,180,hostel,13939,27.3,0.3,0
2026-04-04,Admin Block,Admin Zone,80,admin,4601,27.3,0.3,0
2026-04-04,Academic Block,Academic Zone,600,academic,34167,27.3,0.3,0
2026-04-04,Library,Academic Zone,200,academic,13169,27.3,0.3,0
2026-04-04,Cafeteria,Recreation Zone,150,utility,9334,27.3,0.3,0
2026-04-04,Workshop Lab,Academic Zone,60,utility,3971,27.3,0.3,0
2026-04-05,Boys Hostel - Block A,Hostel Zone,240,hostel,19914,27.7,0.3,0
2026-04-05,Boys Hostel - Block B,Hostel Zone,280,hostel,20652,27.7,0.3,0
2026-04-05,Girls Hostel,Hostel Zone,180,hostel,14495,27.7,0.3,0
2026-04-05,Admin Block,Admin Zone,80,admin,4870,27.7,0.3,0
2026-04-05,Academic Block,Academic Zone,600,academic,34710,27.7,0.3,0
2026-04-05,Library,Academic Zone,200,academic,12774,27.7,0.3,0
2026-04-05,Cafeteria,Recreation Zone,150,utility,10191,27.7,0.3,0
2026-04-05,Workshop Lab,Academic Zone,60,utility,4075,27.7,0.3,0
2026-04-06,Boys Hostel - Block A,Hostel Zone,240,hostel,28795,28.2,0,0
2026-04-06,Boys Hostel - Block B,Hostel Zone,280,hostel,36623,28.2,0,0
2026-04-06,Girls Hostel,Hostel Zone,180,hostel,21490,28.2,0,0
2026-04-06,Admin Block,Admin Zone,80,admin,7650,28.2,0,0
2026-04-06,Academic Block,Academic Zone,600,academic,54873,28.2,0,0
2026-04-06,Library,Academic Zone,200,academic,21194,28.2,0,0
2026-04-06,Cafeteria,Recreation Zone,150,utility,13484,28.2,0,0
2026-04-06,Workshop Lab,Academic Zone,60,utility,6338,28.2,0,0
2026-04-07,Boys Hostel - Block A,Hostel Zone,240,hostel,31641,28.2,0,0
2026-04-07,Boys Hostel - Block B,Hostel Zone,280,hostel,36650,28.2,0,0
2026-04-07,Girls Hostel,Hostel Zone,180,hostel,21168,28.2,0,0
2026-04-07,Admin Block,Admin Zone,80,admin,7511,28.2,0,0
2026-04-07,Academic Block,Academic Zone,600,academic,53720,28.2,0,0
2026-04-07,Library,Academic Zone,200,academic,18120,28.2,0,0
2026-04-07,Cafeteria,Recreation Zone,150,utility,13975,28.2,0,0
2026-04-07,Workshop Lab,Academic Zone,60,utility,6439,28.2,0,0
2026-04-08,Boys Hostel - Block A,Hostel Zone,240,hostel,26818,28.4,0,0
2026-04-08,Boys Hostel - Block B,Hostel Zone,280,hostel,35929,28.4,0,0
2026-04-08,Girls Hostel,Hostel Zone,180,hostel,22935,28.4,0,0
2026-04-08,Admin Block,Admin Zone,80,admin,8069,28.4,0,0
2026-04-08,Academic Block,Academic Zone,600,academic,53629,28.4,0,0
2026-04-08,Library,Academic Zone,200,academic,19298,28.4,0,0
2026-04-08,Cafeteria,Recreation Zone,150,utility,13251,28.4,0,0
2026-04-08,Workshop Lab,Academic Zone,60,utility,5515,28.4,0,0
2026-04-09,Boys Hostel - Block A,Hostel Zone,240,hostel,31537,28.6,0.1,0
2026-04-09,Boys Hostel - Block B,Hostel Zone,280,hostel,33078,28.6,0.1,0
2026-04-09,Girls Hostel,Hostel Zone,180,hostel,21473,28.6,0.1,0
2026-04-09,Admin Block,Admin Zone,80,admin,7883,28.6,0.1,0
2026-04-09,Academic Block,Academic Zone,600,academic,58006,28.6,0.1,0
2026-04-09,Library,Academic Zone,200,academic,20299,28.6,0.1,0
2026-04-09,Cafeteria,Recreation Zone,150,utility,13724,28.6,0.1,0
2026-04-09,Workshop Lab,Academic Zone,60,utility,5457,28.6,0.1,0
2026-04-10,Boys Hostel - Block A,Hostel Zone,240,hostel,29645,28.3,0.7,0
2026-04-10,Boys Hostel - Block B,Hostel Zone,280,hostel,37048,28.3,0.7,0
2026-04-10,Girls Hostel,Hostel Zone,180,hostel,21847,28.3,0.7,0
2026-04-10,Admin Block,Admin Zone,80,admin,7908,28.3,0.7,0
2026-04-10,Academic Block,Academic Zone,600,academic,58846,28.3,0.7,0
2026-04-10,Library,Academic Zone,200,academic,20973,28.3,0.7,0
2026-04-10,Cafeteria,Recreation Zone,150,utility,15306,28.3,0.7,0
2026-04-10,Workshop Lab,Academic Zone,60,utility,6149,28.3,0.7,0
2026-04-11,Boys Hostel - Block A,Hostel Zone,240,hostel,19752,29.0,0,0
2026-04-11,Boys Hostel - Block B,Hostel Zone,280,hostel,23648,29.0,0,0
2026-04-11,Girls Hostel,Hostel Zone,180,hostel,14720,29.0,0,0
2026-04-11,Admin Block,Admin Zone,80,admin,4765,29.0,0,0
2026-04-11,Academic Block,Academic Zone,600,academic,38288,29.0,0,0
2026-04-11,Library,Academic Zone,200,academic,13965,29.0,0,0
2026-04-11,Cafeteria,Recreation Zone,150,utility,10408,29.0,0,0
2026-04-11,Workshop Lab,Academic Zone,60,utility,3943,29.0,0,0
2026-04-12,Boys Hostel - Block A,Hostel Zone,240,hostel,17668,29.0,0,0
2026-04-12,Boys Hostel - Block B,Hostel Zone,280,hostel,21788,29.0,0,0
2026-04-12,Girls Hostel,Hostel Zone,180,hostel,14632,29.0,0,0
2026-04-12,Admin Block,Admin Zone,80,admin,5505,29.0,0,0
2026-04-12,Academic Block,Academic Zone,600,academic,38447,29.0,0,0
2026-04-12,Library,Academic Zone,200,academic,13637,29.0,0,0
2026-04-12,Cafeteria,Recreation Zone,150,utility,10037,29.0,0,0
2026-04-12,Workshop Lab,Academic Zone,60,utility,4061,29.0,0,0
2026-04-13,Boys Hostel - Block A,Hostel Zone,240,hostel,28637,29.4,0,0
2026-04-13,Boys Hostel - Block B,Hostel Zone,280,hostel,31301,29.4,0,0
2026-04-13,Girls Hostel,Hostel Zone,180,hostel,23747,29.4,0,0
2026-04-13,Admin Block,Admin Zone,80,admin,8044,29.4,0,0
2026-04-13,Academic Block,Academic Zone,600,academic,59365,29.4,0,0
2026-04-13,Library,Academic Zone,200,academic,19769,29.4,0,0
2026-04-13,Cafeteria,Recreation Zone,150,utility,14990,29.4,0,0
2026-04-13,Workshop Lab,Academic Zone,60,utility,6235,29.4,0,0
2026-04-14,Boys Hostel - Block A,Hostel Zone,240,hostel,27856,29.3,0,0
2026-04-14,Boys Hostel - Block B,Hostel Zone,280,hostel,33367,29.3,0,0
2026-04-14,Girls Hostel,Hostel Zone,180,hostel,21637,29.3,0,0
2026-04-14,Admin Block,Admin Zone,80,admin,7416,29.3,0,0
2026-04-14,Academic Block,Academic Zone,600,academic,53656,29.3,0,0
2026-04-14,Library,Academic Zone,200,academic,19657,29.3,0,0
2026-04-14,Cafeteria,Recreation Zone,150,utility,16136,29.3,0,0
2026-04-14,Workshop Lab,Academic Zone,60,utility,6106,29.3,0,0
2026-04-15,Boys Hostel - Block A,Hostel Zone,240,hostel,31598,29.2,0,0
2026-04-15,Boys Hostel - Block B,Hostel Zone,280,hostel,35017,29.2,0,0
2026-04-15,Girls Hostel,Hostel Zone,180,hostel,22152,29.2,0,0
2026-04-15,Admin Block,Admin Zone,80,admin,7660,29.2,0,0
2026-04-15,Academic Block,Academic Zone,600,academic,56964,29.2,0,0
2026-04-15,Library,Academic Zone,200,academic,19107,29.2,0,0
2026-04-15,Cafeteria,Recreation Zone,150,utility,14184,29.2,0,0
2026-04-15,Workshop Lab,Academic Zone,60,utility,5800,29.2,0,0
2026-04-16,Boys Hostel - Block A,Hostel Zone,240,hostel,29753,29.3,0,0
2026-04-16,Boys Hostel - Block B,Hostel Zone,280,hostel,31051,29.3,0,0
2026-04-16,Girls Hostel,Hostel Zone,180,hostel,23942,29.3,0,0
2026-04-16,Admin Block,Admin Zone,80,admin,8430,29.3,0,0
2026-04-16,Academic Block,Academic Zone,600,academic,62997,29.3,0,0
2026-04-16,Library,Academic Zone,200,academic,21807,29.3,0,0
2026-04-16,Cafeteria,Recreation Zone,150,utility,14274,29.3,0,0
2026-04-16,Workshop Lab,Academic Zone,60,utility,5477,29.3,0,0
2026-04-17,Boys Hostel - Block A,Hostel Zone,240,hostel,31668,29.6,0,0
2026-04-17,Boys Hostel - Block B,Hostel Zone,280,hostel,32905,29.6,0,0
2026-04-17,Girls Hostel,Hostel Zone,180,hostel,22019,29.6,0,0
2026-04-17,Admin Block,Admin Zone,80,admin,8048,29.6,0,0
2026-04-17,Academic Block,Academic Zone,600,academic,55502,29.6,0,0
2026-04-17,Library,Academic Zone,200,academic,18147,29.6,0,0
2026-04-17,Cafeteria,Recreation Zone,150,utility,16119,29.6,0,0
2026-04-17,Workshop Lab,Academic Zone,60,utility,5480,29.6,0,0
2026-04-18,Boys Hostel - Block A,Hostel Zone,240,hostel,21073,29.7,0,0
2026-04-18,Boys Hostel - Block B,Hostel Zone,280,hostel,20837,29.7,0,0
2026-04-18,Girls Hostel,Hostel Zone,180,hostel,13738,29.7,0,0
2026-04-18,Admin Block,Admin Zone,80,admin,5054,29.7,0,0
2026-04-18,Academic Block,Academic Zone,600,academic,35137,29.7,0,0
2026-04-18,Library,Academic Zone,200,academic,12980,29.7,0,0
2026-04-18,Cafeteria,Recreation Zone,150,utility,9650,29.7,0,0
2026-04-18,Workshop Lab,Academic Zone,60,utility,3765,29.7,0,0
2026-04-19,Boys Hostel - Block A,Hostel Zone,240,hostel,17538,29.4,0,0
2026-04-19,Boys Hostel - Block B,Hostel Zone,280,hostel,22813,29.4,0,0
2026-04-19,Girls Hostel,Hostel Zone,180,hostel,15752,29.4,0,0
2026-04-19,Admin Block,Admin Zone,80,admin,5352,29.4,0,0
2026-04-19,Academic Block,Academic Zone,600,academic,38874,29.4,0,0
2026-04-19,Library,Academic Zone,200,academic,13215,29.4,0,0
2026-04-19,Cafeteria,Recreation Zone,150,utility,9294,29.4,0,0
2026-04-19,Workshop Lab,Academic Zone,60,utility,3601,29.4,0,0
2026-04-20,Boys Hostel - Block A,Hostel Zone,240,hostel,32111,29.6,0,0
2026-04-20,Boys Hostel - Block B,Hostel Zone,280,hostel,31368,29.6,0,0
2026-04-20,Girls Hostel,Hostel Zone,180,hostel,22083,29.6,0,0
2026-04-20,Admin Block,Admin Zone,80,admin,8358,29.6,0,0
2026-04-20,Academic Block,Academic Zone,600,academic,59402,29.6,0,0
2026-04-20,Library,Academic Zone,200,academic,18682,29.6,0,0
2026-04-20,Cafeteria,Recreation Zone,150,utility,14480,29.6,0,0
2026-04-20,Workshop Lab,Academic Zone,60,utility,5619,29.6,0,0
2026-04-21,Boys Hostel - Block A,Hostel Zone,240,hostel,29216,29.1,0,0
2026-04-21,Boys Hostel - Block B,Hostel Zone,280,hostel,36803,29.1,0,0
2026-04-21,Girls Hostel,Hostel Zone,180,hostel,20744,29.1,0,0
2026-04-21,Admin Block,Admin Zone,80,admin,8342,29.1,0,0
2026-04-21,Academic Block,Academic Zone,600,academic,59068,29.1,0,0
2026-04-21,Library,Academic Zone,200,academic,19699,29.1,0,0
2026-04-21,Cafeteria,Recreation Zone,150,utility,15459,29.1,0,0
2026-04-21,Workshop Lab,Academic Zone,60,utility,5895,29.1,0,0
2026-04-22,Boys Hostel - Block A,Hostel Zone,240,hostel,31638,29.2,0,0
2026-04-22,Boys Hostel - Block B,Hostel Zone,280,hostel,34964,29.2,0,0
2026-04-22,Girls Hostel,Hostel Zone,180,hostel,23349,29.2,0,0
2026-04-22,Admin Block,Admin Zone,80,admin,7658,29.2,0,0
2026-04-22,Academic Block,Academic Zone,600,academic,60508,29.2,0,0
2026-04-22,Library,Academic Zone,200,academic,17918,29.2,0,0
2026-04-22,Cafeteria,Recreation Zone,150,utility,14285,29.2,0,0
2026-04-22,Workshop Lab,Academic Zone,60,utility,6350,29.2,0,0
2026-04-23,Boys Hostel - Block A,Hostel Zone,240,hostel,32023,29.7,0,0
2026-04-23,Boys Hostel - Block B,Hostel Zone,280,hostel,36396,29.7,0,0
2026-04-23,Girls Hostel,Hostel Zone,180,hostel,23195,29.7,0,0
2026-04-23,Admin Block,Admin Zone,80,admin,7915,29.7,0,0
2026-04-23,Academic Block,Academic Zone,600,academic,63637,29.7,0,0
2026-04-23,Library,Academic Zone,200,academic,19707,29.7,0,0
2026-04-23,Cafeteria,Recreation Zone,150,utility,13688,29.7,0,0
2026-04-23,Workshop Lab,Academic Zone,60,utility,5426,29.7,0,0
2026-04-24,Boys Hostel - Block A,Hostel Zone,240,hostel,58100,29.4,0,1
2026-04-24,Boys Hostel - Block B,Hostel Zone,280,hostel,31697,29.4,0,0
2026-04-24,Girls Hostel,Hostel Zone,180,hostel,21155,29.4,0,0
2026-04-24,Admin Block,Admin Zone,80,admin,7297,29.4,0,0
2026-04-24,Academic Block,Academic Zone,600,academic,60805,29.4,0,0
2026-04-24,Library,Academic Zone,200,academic,19445,29.4,0,0
2026-04-24,Cafeteria,Recreation Zone,150,utility,16355,29.4,0,0
2026-04-24,Workshop Lab,Academic Zone,60,utility,5460,29.4,0,0
2026-04-25,Boys Hostel - Block A,Hostel Zone,240,hostel,18207,29.5,0,0
2026-04-25,Boys Hostel - Block B,Hostel Zone,280,hostel,20512,29.5,0,0
2026-04-25,Girls Hostel,Hostel Zone,180,hostel,13091,29.5,0,0
2026-04-25,Admin Block,Admin Zone,80,admin,5477,29.5,0,0
2026-04-25,Academic Block,Academic Zone,600,academic,41865,29.5,0,0
2026-04-25,Library,Academic Zone,200,academic,12638,29.5,0,0
2026-04-25,Cafeteria,Recreation Zone,150,utility,9895,29.5,0,0
2026-04-25,Workshop Lab,Academic Zone,60,utility,3646,29.5,0,0
2026-04-26,Boys Hostel - Block A,Hostel Zone,240,hostel,18831,29.7,0,0
2026-04-26,Boys Hostel - Block B,Hostel Zone,280,hostel,21733,29.7,0,0
2026-04-26,Girls Hostel,Hostel Zone,180,hostel,14083,29.7,0,0
2026-04-26,Admin Block,Admin Zone,80,admin,4966,29.7,0,0
2026-04-26,Academic Block,Academic Zone,600,academic,41268,29.7,0,0
2026-04-26,Library,Academic Zone,200,academic,12127,29.7,0,0
2026-04-26,Cafeteria,Recreation Zone,150,utility,9536,29.7,0,0
2026-04-26,Workshop Lab,Academic Zone,60,utility,3929,29.7,0,0
2026-04-27,Boys Hostel - Block A,Hostel Zone,240,hostel,28805,30.2,0,0
2026-04-27,Boys Hostel - Block B,Hostel Zone,280,hostel,33602,30.2,0,0
2026-04-27,Girls Hostel,Hostel Zone,180,hostel,21089,30.2,0,0
2026-04-27,Admin Block,Admin Zone,80,admin,8629,30.2,0,0
2026-04-27,Academic Block,Academic Zone,600,academic,63937,30.2,0,0
2026-04-27,Library,Academic Zone,200,academic,21223,30.2,0,0
2026-04-27,Cafeteria,Recreation Zone,150,utility,16085,30.2,0,0
2026-04-27,Workshop Lab,Academic Zone,60,utility,6113,30.2,0,0
2026-04-28,Boys Hostel - Block A,Hostel Zone,240,hostel,30153,29.8,0,0
2026-04-28,Boys Hostel - Block B,Hostel Zone,280,hostel,36312,29.8,0,0
2026-04-28,Girls Hostel,Hostel Zone,180,hostel,20992,29.8,0,0
2026-04-28,Admin Block,Admin Zone,80,admin,8353,29.8,0,0
2026-04-28,Academic Block,Academic Zone,600,academic,54072,29.8,0,0
2026-04-28,Library,Academic Zone,200,academic,20123,29.8,0,0
2026-04-28,Cafeteria,Recreation Zone,150,utility,14461,29.8,0,0
2026-04-28,Workshop Lab,Academic Zone,60,utility,6259,29.8,0,0
2026-04-29,Boys Hostel - Block A,Hostel Zone,240,hostel,26735,29.3,0.1,0
2026-04-29,Boys Hostel - Block B,Hostel Zone,280,hostel,32531,29.3,0.1,0
2026-04-29,Girls Hostel,Hostel Zone,180,hostel,21649,29.3,0.1,0
2026-04-29,Admin Block,Admin Zone,80,admin,7734,29.3,0.1,0
2026-04-29,Academic Block,Academic Zone,600,academic,60420,29.3,0.1,0
2026-04-29,Library,Academic Zone,200,academic,20284,29.3,0.1,0
2026-04-29,Cafeteria,Recreation Zone,150,utility,14143,29.3,0.1,0
2026-04-29,Workshop Lab,Academic Zone,60,utility,5929,29.3,0.1,0
2026-04-30,Boys Hostel - Block A,Hostel Zone,240,hostel,28768,27.4,3.0,0
2026-04-30,Boys Hostel - Block B,Hostel Zone,280,hostel,32116,27.4,3.0,0
2026-04-30,Girls Hostel,Hostel Zone,180,hostel,21716,27.4,3.0,0
2026-04-30,Admin Block,Admin Zone,80,admin,8336,27.4,3.0,0
2026-04-30,Academic Block,Academic Zone,600,academic,121151,27.4,3.0,1
2026-04-30,Library,Academic Zone,200,academic,21048,27.4,3.0,0
2026-04-30,Cafeteria,Recreation Zone,150,utility,14998,27.4,3.0,0
2026-04-30,Workshop Lab,Academic Zone,60,utility,5885,27.4,3.0,0
2026-05-01,Boys Hostel - Block A,Hostel Zone,240,hostel,25301,25.8,0,0
2026-05-01,Boys Hostel - Block B,Hostel Zone,280,hostel,33615,25.8,0,0
2026-05-01,Girls Hostel,Hostel Zone,180,hostel,21763,25.8,0,0
2026-05-01,Admin Block,Admin Zone,80,admin,7612,25.8,0,0
2026-05-01,Academic Block,Academic Zone,600,academic,58950,25.8,0,0
2026-05-01,Library,Academic Zone,200,academic,20726,25.8,0,0
2026-05-01,Cafeteria,Recreation Zone,150,utility,13130,25.8,0,0
2026-05-01,Workshop Lab,Academic Zone,60,utility,5397,25.8,0,0
2026-05-02,Boys Hostel - Block A,Hostel Zone,240,hostel,20114,27.1,0,0
2026-05-02,Boys Hostel - Block B,Hostel Zone,280,hostel,20886,27.1,0,0
2026-05-02,Girls Hostel,Hostel Zone,180,hostel,12702,27.1,0,0
2026-05-02,Admin Block,Admin Zone,80,admin,7806,27.1,0,1
2026-05-02,Academic Block,Academic Zone,600,academic,34488,27.1,0,0
2026-05-02,Library,Academic Zone,200,academic,12944,27.1,0,0
2026-05-02,Cafeteria,Recreation Zone,150,utility,10027,27.1,0,0
2026-05-02,Workshop Lab,Academic Zone,60,utility,3843,27.1,0,0
2026-05-03,Boys Hostel - Block A,Hostel Zone,240,hostel,18055,27.1,0,0
2026-05-03,Boys Hostel - Block B,Hostel Zone,280,hostel,21829,27.1,0,0
2026-05-03,Girls Hostel,Hostel Zone,180,hostel,14785,27.1,0,0
2026-05-03,Admin Block,Admin Zone,80,admin,4651,27.1,0,0
2026-05-03,Academic Block,Academic Zone,600,academic,40356,27.1,0,0
2026-05-03,Library,Academic Zone,200,academic,13441,27.1,0,0
2026-05-03,Cafeteria,Recreation Zone,150,utility,8705,27.1,0,0
2026-05-03,Workshop Lab,Academic Zone,60,utility,3651,27.1,0,0
2026-05-04,Boys Hostel - Block A,Hostel Zone,240,hostel,30210,27.2,0,0
2026-05-04,Boys Hostel - Block B,Hostel Zone,280,hostel,35063,27.2,0,0
2026-05-04,Girls Hostel,Hostel Zone,180,hostel,21875,27.2,0,0
2026-05-04,Admin Block,Admin Zone,80,admin,8108,27.2,0,0
2026-05-04,Academic Block,Academic Zone,600,academic,52346,27.2,0,0
2026-05-04,Library,Academic Zone,200,academic,18614,27.2,0,0
2026-05-04,Cafeteria,Recreation Zone,150,utility,15275,27.2,0,0
2026-05-04,Workshop Lab,Academic Zone,60,utility,6316,27.2,0,0
2026-05-05,Boys Hostel - Block A,Hostel Zone,240,hostel,25603,26.9,0,0
2026-05-05,Boys Hostel - Block B,Hostel Zone,280,hostel,32388,26.9,0,0
2026-05-05,Girls Hostel,Hostel Zone,180,hostel,20120,26.9,0,0
2026-05-05,Admin Block,Admin Zone,80,admin,7579,26.9,0,0
2026-05-05,Academic Block,Academic Zone,600,academic,53829,26.9,0,0
2026-05-05,Library,Academic Zone,200,academic,20329,26.9,0,0
2026-05-05,Cafeteria,Recreation Zone,150,utility,14836,26.9,0,0
2026-05-05,Workshop Lab,Academic Zone,60,utility,5472,26.9,0,0
2026-05-06,Boys Hostel - Block A,Hostel Zone,240,hostel,25596,26.7,0.7,0
2026-05-06,Boys Hostel - Block B,Hostel Zone,280,hostel,30342,26.7,0.7,0
2026-05-06,Girls Hostel,Hostel Zone,180,hostel,19975,26.7,0.7,0
2026-05-06,Admin Block,Admin Zone,80,admin,6920,26.7,0.7,0
2026-05-06,Academic Block,Academic Zone,600,academic,60513,26.7,0.7,0
2026-05-06,Library,Academic Zone,200,academic,18842,26.7,0.7,0
2026-05-06,Cafeteria,Recreation Zone,150,utility,13027,26.7,0.7,0
2026-05-06,Workshop Lab,Academic Zone,60,utility,5412,26.7,0.7,0
2026-05-07,Boys Hostel - Block A,Hostel Zone,240,hostel,26329,26.6,0,0
2026-05-07,Boys Hostel - Block B,Hostel Zone,280,hostel,33962,26.6,0,0
2026-05-07,Girls Hostel,Hostel Zone,180,hostel,20035,26.6,0,0
2026-05-07,Admin Block,Admin Zone,80,admin,7226,26.6,0,0
2026-05-07,Academic Block,Academic Zone,600,academic,60800,26.6,0,0
2026-05-07,Library,Academic Zone,200,academic,20759,26.6,0,0
2026-05-07,Cafeteria,Recreation Zone,150,utility,13022,26.6,0,0
2026-05-07,Workshop Lab,Academic Zone,60,utility,5700,26.6,0,0
2026-05-08,Boys Hostel - Block A,Hostel Zone,240,hostel,29655,26.8,2.4,0
2026-05-08,Boys Hostel - Block B,Hostel Zone,280,hostel,36323,26.8,2.4,0
2026-05-08,Girls Hostel,Hostel Zone,180,hostel,20262,26.8,2.4,0
2026-05-08,Admin Block,Admin Zone,80,admin,7232,26.8,2.4,0
2026-05-08,Academic Block,Academic Zone,600,academic,57179,26.8,2.4,0
2026-05-08,Library,Academic Zone,200,academic,17592,26.8,2.4,0
2026-05-08,Cafeteria,Recreation Zone,150,utility,13978,26.8,2.4,0
2026-05-08,Workshop Lab,Academic Zone,60,utility,5290,26.8,2.4,0
2026-05-09,Boys Hostel - Block A,Hostel Zone,240,hostel,17161,25.2,6.6,0
2026-05-09,Boys Hostel - Block B,Hostel Zone,280,hostel,22556,25.2,6.6,0
2026-05-09,Girls Hostel,Hostel Zone,180,hostel,31073,25.2,6.6,1
2026-05-09,Admin Block,Admin Zone,80,admin,5121,25.2,6.6,0
2026-05-09,Academic Block,Academic Zone,600,academic,34691,25.2,6.6,0
2026-05-09,Library,Academic Zone,200,academic,12195,25.2,6.6,0
2026-05-09,Cafeteria,Recreation Zone,150,utility,8976,25.2,6.6,0
2026-05-09,Workshop Lab,Academic Zone,60,utility,3544,25.2,6.6,0
2026-05-10,Boys Hostel - Block A,Hostel Zone,240,hostel,17803,26.5,0,0
2026-05-10,Boys Hostel - Block B,Hostel Zone,280,hostel,23168,26.5,0,0
2026-05-10,Girls Hostel,Hostel Zone,180,hostel,14652,26.5,0,0
2026-05-10,Admin Block,Admin Zone,80,admin,5411,26.5,0,0
2026-05-10,Academic Block,Academic Zone,600,academic,38539,26.5,0,0
2026-05-10,Library,Academic Zone,200,academic,13495,26.5,0,0
2026-05-10,Cafeteria,Recreation Zone,150,utility,9187,26.5,0,0
2026-05-10,Workshop Lab,Academic Zone,60,utility,3684,26.5,0,0
2026-05-11,Boys Hostel - Block A,Hostel Zone,240,hostel,29013,27.8,0,0
2026-05-11,Boys Hostel - Block B,Hostel Zone,280,hostel,35610,27.8,0,0
2026-05-11,Girls Hostel,Hostel Zone,180,hostel,21412,27.8,0,0
2026-05-11,Admin Block,Admin Zone,80,admin,8445,27.8,0,0
2026-05-11,Academic Block,Academic Zone,600,academic,57118,27.8,0,0
2026-05-11,Library,Academic Zone,200,academic,20272,27.8,0,0
2026-05-11,Cafeteria,Recreation Zone,150,utility,14576,27.8,0,0
2026-05-11,Workshop Lab,Academic Zone,60,utility,5929,27.8,0,0
2026-05-12,Boys Hostel - Block A,Hostel Zone,240,hostel,29211,28.0,0.3,0
2026-05-12,Boys Hostel - Block B,Hostel Zone,280,hostel,34687,28.0,0.3,0
2026-05-12,Girls Hostel,Hostel Zone,180,hostel,20435,28.0,0.3,0
2026-05-12,Admin Block,Admin Zone,80,admin,7378,28.0,0.3,0
2026-05-12,Academic Block,Academic Zone,600,academic,56033,28.0,0.3,0
2026-05-12,Library,Academic Zone,200,academic,18058,28.0,0.3,0
2026-05-12,Cafeteria,Recreation Zone,150,utility,13738,28.0,0.3,0
2026-05-12,Workshop Lab,Academic Zone,60,utility,5346,28.0,0.3,0
2026-05-13,Boys Hostel - Block A,Hostel Zone,240,hostel,31681,28.7,0.5,0
2026-05-13,Boys Hostel - Block B,Hostel Zone,280,hostel,33367,28.7,0.5,0
2026-05-13,Girls Hostel,Hostel Zone,180,hostel,20510,28.7,0.5,0
2026-05-13,Admin Block,Admin Zone,80,admin,8210,28.7,0.5,0
2026-05-13,Academic Block,Academic Zone,600,academic,53816,28.7,0.5,0
2026-05-13,Library,Academic Zone,200,academic,19157,28.7,0.5,0
2026-05-13,Cafeteria,Recreation Zone,150,utility,15422,28.7,0.5,0
2026-05-13,Workshop Lab,Academic Zone,60,utility,6180,28.7,0.5,0
2026-05-14,Boys Hostel - Block A,Hostel Zone,240,hostel,27442,29.1,0.1,0
2026-05-14,Boys Hostel - Block B,Hostel Zone,280,hostel,32918,29.1,0.1,0
2026-05-14,Girls Hostel,Hostel Zone,180,hostel,20453,29.1,0.1,0
2026-05-14,Admin Block,Admin Zone,80,admin,8577,29.1,0.1,0
2026-05-14,Academic Block,Academic Zone,600,academic,62443,29.1,0.1,0
2026-05-14,Library,Academic Zone,200,academic,38498,29.1,0.1,1
2026-05-14,Cafeteria,Recreation Zone,150,utility,14843,29.1,0.1,0
2026-05-14,Workshop Lab,Academic Zone,60,utility,6322,29.1,0.1,0
2026-05-15,Boys Hostel - Block A,Hostel Zone,240,hostel,30481,27.7,0.4,0
2026-05-15,Boys Hostel - Block B,Hostel Zone,280,hostel,32442,27.7,0.4,0
2026-05-15,Girls Hostel,Hostel Zone,180,hostel,19635,27.7,0.4,0
2026-05-15,Admin Block,Admin Zone,80,admin,7462,27.7,0.4,0
2026-05-15,Academic Block,Academic Zone,600,academic,55971,27.7,0.4,0
2026-05-15,Library,Academic Zone,200,academic,31702,27.7,0.4,1
2026-05-15,Cafeteria,Recreation Zone,150,utility,14742,27.7,0.4,0
2026-05-15,Workshop Lab,Academic Zone,60,utility,6205,27.7,0.4,0
2026-05-16,Boys Hostel - Block A,Hostel Zone,240,hostel,18178,27.3,4.0,0
2026-05-16,Boys Hostel - Block B,Hostel Zone,280,hostel,19915,27.3,4.0,0
2026-05-16,Girls Hostel,Hostel Zone,180,hostel,14020,27.3,4.0,0
2026-05-16,Admin Block,Admin Zone,80,admin,5442,27.3,4.0,0
2026-05-16,Academic Block,Academic Zone,600,academic,35568,27.3,4.0,0
2026-05-16,Library,Academic Zone,200,academic,12772,27.3,4.0,0
2026-05-16,Cafeteria,Recreation Zone,150,utility,9311,27.3,4.0,0
2026-05-16,Workshop Lab,Academic Zone,60,utility,4130,27.3,4.0,0
2026-05-17,Boys Hostel - Block A,Hostel Zone,240,hostel,17240,28.3,0,0
2026-05-17,Boys Hostel - Block B,Hostel Zone,280,hostel,20282,28.3,0,0
2026-05-17,Girls Hostel,Hostel Zone,180,hostel,13194,28.3,0,0
2026-05-17,Admin Block,Admin Zone,80,admin,4867,28.3,0,0
2026-05-17,Academic Block,Academic Zone,600,academic,41994,28.3,0,0
2026-05-17,Library,Academic Zone,200,academic,13711,28.3,0,0
2026-05-17,Cafeteria,Recreation Zone,150,utility,8841,28.3,0,0
2026-05-17,Workshop Lab,Academic Zone,60,utility,4124,28.3,0,0
2026-05-18,Boys Hostel - Block A,Hostel Zone,240,hostel,26015,25.4,31.0,0
2026-05-18,Boys Hostel - Block B,Hostel Zone,280,hostel,34218,25.4,31.0,0
2026-05-18,Girls Hostel,Hostel Zone,180,hostel,19129,25.4,31.0,0
2026-05-18,Admin Block,Admin Zone,80,admin,7376,25.4,31.0,0
2026-05-18,Academic Block,Academic Zone,600,academic,54887,25.4,31.0,0
2026-05-18,Library,Academic Zone,200,academic,19697,25.4,31.0,0
2026-05-18,Cafeteria,Recreation Zone,150,utility,13782,25.4,31.0,0
2026-05-18,Workshop Lab,Academic Zone,60,utility,5999,25.4,31.0,0
2026-05-19,Boys Hostel - Block A,Hostel Zone,240,hostel,25183,24.4,2.9,0
2026-05-19,Boys Hostel - Block B,Hostel Zone,280,hostel,31037,24.4,2.9,0
2026-05-19,Girls Hostel,Hostel Zone,180,hostel,21823,24.4,2.9,0
2026-05-19,Admin Block,Admin Zone,80,admin,7318,24.4,2.9,0
2026-05-19,Academic Block,Academic Zone,600,academic,54762,24.4,2.9,0
2026-05-19,Library,Academic Zone,200,academic,17911,24.4,2.9,0
2026-05-19,Cafeteria,Recreation Zone,150,utility,15108,24.4,2.9,0
2026-05-19,Workshop Lab,Academic Zone,60,utility,5218,24.4,2.9,0
2026-05-20,Boys Hostel - Block A,Hostel Zone,240,hostel,27974,25.1,5.7,0
2026-05-20,Boys Hostel - Block B,Hostel Zone,280,hostel,29232,25.1,5.7,0
2026-05-20,Girls Hostel,Hostel Zone,180,hostel,19919,25.1,5.7,0
2026-05-20,Admin Block,Admin Zone,80,admin,12510,25.1,5.7,1
2026-05-20,Academic Block,Academic Zone,600,academic,59509,25.1,5.7,0
2026-05-20,Library,Academic Zone,200,academic,19556,25.1,5.7,0
2026-05-20,Cafeteria,Recreation Zone,150,utility,14815,25.1,5.7,0
2026-05-20,Workshop Lab,Academic Zone,60,utility,5720,25.1,5.7,0
2026-05-21,Boys Hostel - Block A,Hostel Zone,240,hostel,26921,26.5,0.2,0
2026-05-21,Boys Hostel - Block B,Hostel Zone,280,hostel,35584,26.5,0.2,0
2026-05-21,Girls Hostel,Hostel Zone,180,hostel,21701,26.5,0.2,0
2026-05-21,Admin Block,Admin Zone,80,admin,8311,26.5,0.2,0
2026-05-21,Academic Block,Academic Zone,600,academic,59289,26.5,0.2,0
2026-05-21,Library,Academic Zone,200,academic,17410,26.5,0.2,0
2026-05-21,Cafeteria,Recreation Zone,150,utility,15515,26.5,0.2,0
2026-05-21,Workshop Lab,Academic Zone,60,utility,5532,26.5,0.2,0
2026-05-22,Boys Hostel - Block A,Hostel Zone,240,hostel,27389,25.2,1.1,0
2026-05-22,Boys Hostel - Block B,Hostel Zone,280,hostel,30842,25.2,1.1,0
2026-05-22,Girls Hostel,Hostel Zone,180,hostel,19948,25.2,1.1,0
2026-05-22,Admin Block,Admin Zone,80,admin,7606,25.2,1.1,0
2026-05-22,Academic Block,Academic Zone,600,academic,50486,25.2,1.1,0
2026-05-22,Library,Academic Zone,200,academic,18752,25.2,1.1,0
2026-05-22,Cafeteria,Recreation Zone,150,utility,14480,25.2,1.1,0
2026-05-22,Workshop Lab,Academic Zone,60,utility,6148,25.2,1.1,0
2026-05-23,Boys Hostel - Block A,Hostel Zone,240,hostel,16510,23.7,6.9,0
2026-05-23,Boys Hostel - Block B,Hostel Zone,280,hostel,19806,23.7,6.9,0
2026-05-23,Girls Hostel,Hostel Zone,180,hostel,12468,23.7,6.9,0
2026-05-23,Admin Block,Admin Zone,80,admin,4791,23.7,6.9,0
2026-05-23,Academic Block,Academic Zone,600,academic,37488,23.7,6.9,0
2026-05-23,Library,Academic Zone,200,academic,13052,23.7,6.9,0
2026-05-23,Cafeteria,Recreation Zone,150,utility,9306,23.7,6.9,0
2026-05-23,Workshop Lab,Academic Zone,60,utility,3296,23.7,6.9,0
2026-05-24,Boys Hostel - Block A,Hostel Zone,240,hostel,18707,24.9,3.9,0
2026-05-24,Boys Hostel - Block B,Hostel Zone,280,hostel,22296,24.9,3.9,0
2026-05-24,Girls Hostel,Hostel Zone,180,hostel,14089,24.9,3.9,0
2026-05-24,Admin Block,Admin Zone,80,admin,4410,24.9,3.9,0
2026-05-24,Academic Block,Academic Zone,600,academic,39162,24.9,3.9,0
2026-05-24,Library,Academic Zone,200,academic,11466,24.9,3.9,0
2026-05-24,Cafeteria,Recreation Zone,150,utility,9190,24.9,3.9,0
2026-05-24,Workshop Lab,Academic Zone,60,utility,3941,24.9,3.9,0
2026-05-25,Boys Hostel - Block A,Hostel Zone,240,hostel,28544,25.1,6.2,0
2026-05-25,Boys Hostel - Block B,Hostel Zone,280,hostel,35115,25.1,6.2,0
2026-05-25,Girls Hostel,Hostel Zone,180,hostel,20158,25.1,6.2,0
2026-05-25,Admin Block,Admin Zone,80,admin,7624,25.1,6.2,0
2026-05-25,Academic Block,Academic Zone,600,academic,50795,25.1,6.2,0
2026-05-25,Library,Academic Zone,200,academic,19343,25.1,6.2,0
2026-05-25,Cafeteria,Recreation Zone,150,utility,14519,25.1,6.2,0
2026-05-25,Workshop Lab,Academic Zone,60,utility,5318,25.1,6.2,0
2026-05-26,Boys Hostel - Block A,Hostel Zone,240,hostel,27099,25.3,6.7,0
2026-05-26,Boys Hostel - Block B,Hostel Zone,280,hostel,29552,25.3,6.7,0
2026-05-26,Girls Hostel,Hostel Zone,180,hostel,20516,25.3,6.7,0
2026-05-26,Admin Block,Admin Zone,80,admin,7013,25.3,6.7,0
2026-05-26,Academic Block,Academic Zone,600,academic,52588,25.3,6.7,0
2026-05-26,Library,Academic Zone,200,academic,16919,25.3,6.7,0
2026-05-26,Cafeteria,Recreation Zone,150,utility,12968,25.3,6.7,0
2026-05-26,Workshop Lab,Academic Zone,60,utility,6104,25.3,6.7,0
2026-05-27,Boys Hostel - Block A,Hostel Zone,240,hostel,27456,25.0,7.3,0
2026-05-27,Boys Hostel - Block B,Hostel Zone,280,hostel,34976,25.0,7.3,0
2026-05-27,Girls Hostel,Hostel Zone,180,hostel,18693,25.0,7.3,0
2026-05-27,Admin Block,Admin Zone,80,admin,6998,25.0,7.3,0
2026-05-27,Academic Block,Academic Zone,600,academic,55053,25.0,7.3,0
2026-05-27,Library,Academic Zone,200,academic,18665,25.0,7.3,0
2026-05-27,Cafeteria,Recreation Zone,150,utility,13238,25.0,7.3,0
2026-05-27,Workshop Lab,Academic Zone,60,utility,5912,25.0,7.3,0
2026-05-28,Boys Hostel - Block A,Hostel Zone,240,hostel,28878,25.4,0.5,0
2026-05-28,Boys Hostel - Block B,Hostel Zone,280,hostel,29443,25.4,0.5,0
2026-05-28,Girls Hostel,Hostel Zone,180,hostel,21776,25.4,0.5,0
2026-05-28,Admin Block,Admin Zone,80,admin,6768,25.4,0.5,0
2026-05-28,Academic Block,Academic Zone,600,academic,55090,25.4,0.5,0
2026-05-28,Library,Academic Zone,200,academic,17486,25.4,0.5,0
2026-05-28,Cafeteria,Recreation Zone,150,utility,12809,25.4,0.5,0
2026-05-28,Workshop Lab,Academic Zone,60,utility,5895,25.4,0.5,0
2026-05-29,Boys Hostel - Block A,Hostel Zone,240,hostel,25218,25.7,1.1,0
2026-05-29,Boys Hostel - Block B,Hostel Zone,280,hostel,29385,25.7,1.1,0
2026-05-29,Girls Hostel,Hostel Zone,180,hostel,20505,25.7,1.1,0
2026-05-29,Admin Block,Admin Zone,80,admin,8240,25.7,1.1,0
2026-05-29,Academic Block,Academic Zone,600,academic,61548,25.7,1.1,0
2026-05-29,Library,Academic Zone,200,academic,19864,25.7,1.1,0
2026-05-29,Cafeteria,Recreation Zone,150,utility,14686,25.7,1.1,0
2026-05-29,Workshop Lab,Academic Zone,60,utility,5507,25.7,1.1,0
2026-05-30,Boys Hostel - Block A,Hostel Zone,240,hostel,19302,25.0,0.7,0
2026-05-30,Boys Hostel - Block B,Hostel Zone,280,hostel,18932,25.0,0.7,0
2026-05-30,Girls Hostel,Hostel Zone,180,hostel,13959,25.0,0.7,0
2026-05-30,Admin Block,Admin Zone,80,admin,5147,25.0,0.7,0
2026-05-30,Academic Block,Academic Zone,600,academic,37880,25.0,0.7,0
2026-05-30,Library,Academic Zone,200,academic,13324,25.0,0.7,0
2026-05-30,Cafeteria,Recreation Zone,150,utility,8283,25.0,0.7,0
2026-05-30,Workshop Lab,Academic Zone,60,utility,3742,25.0,0.7,0
2026-05-31,Boys Hostel - Block A,Hostel Zone,240,hostel,19406,25.2,3.7,0
2026-05-31,Boys Hostel - Block B,Hostel Zone,280,hostel,19758,25.2,3.7,0
2026-05-31,Girls Hostel,Hostel Zone,180,hostel,14447,25.2,3.7,0
2026-05-31,Admin Block,Admin Zone,80,admin,5361,25.2,3.7,0
2026-05-31,Academic Block,Academic Zone,600,academic,35936,25.2,3.7,0
2026-05-31,Library,Academic Zone,200,academic,12346,25.2,3.7,0
2026-05-31,Cafeteria,Recreation Zone,150,utility,9120,25.2,3.7,0
2026-05-31,Workshop Lab,Academic Zone,60,utility,3318,25.2,3.7,0
2026-06-01,Boys Hostel - Block A,Hostel Zone,240,hostel,30148,25.4,0.5,0
2026-06-01,Boys Hostel - Block B,Hostel Zone,280,hostel,30382,25.4,0.5,0
2026-06-01,Girls Hostel,Hostel Zone,180,hostel,20458,25.4,0.5,0
2026-06-01,Admin Block,Admin Zone,80,admin,7445,25.4,0.5,0
2026-06-01,Academic Block,Academic Zone,600,academic,57336,25.4,0.5,0
2026-06-01,Library,Academic Zone,200,academic,17871,25.4,0.5,0
2026-06-01,Cafeteria,Recreation Zone,150,utility,13683,25.4,0.5,0
2026-06-01,Workshop Lab,Academic Zone,60,utility,5772,25.4,0.5,0
2026-06-02,Boys Hostel - Block A,Hostel Zone,240,hostel,27819,26.0,3.6,0
2026-06-02,Boys Hostel - Block B,Hostel Zone,280,hostel,64378,26.0,3.6,1
2026-06-02,Girls Hostel,Hostel Zone,180,hostel,20878,26.0,3.6,0
2026-06-02,Admin Block,Admin Zone,80,admin,7239,26.0,3.6,0
2026-06-02,Academic Block,Academic Zone,600,academic,62243,26.0,3.6,0
2026-06-02,Library,Academic Zone,200,academic,17898,26.0,3.6,0
2026-06-02,Cafeteria,Recreation Zone,150,utility,14897,26.0,3.6,0
2026-06-02,Workshop Lab,Academic Zone,60,utility,5303,26.0,3.6,0
2026-06-03,Boys Hostel - Block A,Hostel Zone,240,hostel,27100,23.7,10.2,0
2026-06-03,Boys Hostel - Block B,Hostel Zone,280,hostel,32484,23.7,10.2,0
2026-06-03,Girls Hostel,Hostel Zone,180,hostel,21674,23.7,10.2,0
2026-06-03,Admin Block,Admin Zone,80,admin,8043,23.7,10.2,0
2026-06-03,Academic Block,Academic Zone,600,academic,59100,23.7,10.2,0
2026-06-03,Library,Academic Zone,200,academic,18308,23.7,10.2,0
2026-06-03,Cafeteria,Recreation Zone,150,utility,15049,23.7,10.2,0
2026-06-03,Workshop Lab,Academic Zone,60,utility,6071,23.7,10.2,0
2026-06-04,Boys Hostel - Block A,Hostel Zone,240,hostel,28558,24.3,1.2,0
2026-06-04,Boys Hostel - Block B,Hostel Zone,280,hostel,29793,24.3,1.2,0
2026-06-04,Girls Hostel,Hostel Zone,180,hostel,20118,24.3,1.2,0
2026-06-04,Admin Block,Admin Zone,80,admin,6972,24.3,1.2,0
2026-06-04,Academic Block,Academic Zone,600,academic,50779,24.3,1.2,0
2026-06-04,Library,Academic Zone,200,academic,17097,24.3,1.2,0
2026-06-04,Cafeteria,Recreation Zone,150,utility,14261,24.3,1.2,0
2026-06-04,Workshop Lab,Academic Zone,60,utility,5357,24.3,1.2,0
2026-06-05,Boys Hostel - Block A,Hostel Zone,240,hostel,25287,23.8,2.7,0
2026-06-05,Boys Hostel - Block B,Hostel Zone,280,hostel,35344,23.8,2.7,0
2026-06-05,Girls Hostel,Hostel Zone,180,hostel,21369,23.8,2.7,0
2026-06-05,Admin Block,Admin Zone,80,admin,8052,23.8,2.7,0
2026-06-05,Academic Block,Academic Zone,600,academic,60347,23.8,2.7,0
2026-06-05,Library,Academic Zone,200,academic,17094,23.8,2.7,0
2026-06-05,Cafeteria,Recreation Zone,150,utility,13761,23.8,2.7,0
2026-06-05,Workshop Lab,Academic Zone,60,utility,5810,23.8,2.7,0
2026-06-06,Boys Hostel - Block A,Hostel Zone,240,hostel,16362,23.9,0.4,0
2026-06-06,Boys Hostel - Block B,Hostel Zone,280,hostel,22093,23.9,0.4,0
2026-06-06,Girls Hostel,Hostel Zone,180,hostel,12843,23.9,0.4,0
2026-06-06,Admin Block,Admin Zone,80,admin,5105,23.9,0.4,0
2026-06-06,Academic Block,Academic Zone,600,academic,34265,23.9,0.4,0
2026-06-06,Library,Academic Zone,200,academic,11111,23.9,0.4,0
2026-06-06,Cafeteria,Recreation Zone,150,utility,9043,23.9,0.4,0
2026-06-06,Workshop Lab,Academic Zone,60,utility,3607,23.9,0.4,0
2026-06-07,Boys Hostel - Block A,Hostel Zone,240,hostel,19559,24.0,3.7,0
2026-06-07,Boys Hostel - Block B,Hostel Zone,280,hostel,21935,24.0,3.7,0
2026-06-07,Girls Hostel,Hostel Zone,180,hostel,13609,24.0,3.7,0
2026-06-07,Admin Block,Admin Zone,80,admin,4826,24.0,3.7,0
2026-06-07,Academic Block,Academic Zone,600,academic,37499,24.0,3.7,0
2026-06-07,Library,Academic Zone,200,academic,11374,24.0,3.7,0
2026-06-07,Cafeteria,Recreation Zone,150,utility,8942,24.0,3.7,0
2026-06-07,Workshop Lab,Academic Zone,60,utility,3453,24.0,3.7,0
2026-06-08,Boys Hostel - Block A,Hostel Zone,240,hostel,26584,24.1,3.7,0
2026-06-08,Boys Hostel - Block B,Hostel Zone,280,hostel,33533,24.1,3.7,0
2026-06-08,Girls Hostel,Hostel Zone,180,hostel,20798,24.1,3.7,0
2026-06-08,Admin Block,Admin Zone,80,admin,8060,24.1,3.7,0
2026-06-08,Academic Block,Academic Zone,600,academic,59546,24.1,3.7,0
2026-06-08,Library,Academic Zone,200,academic,19186,24.1,3.7,0
2026-06-08,Cafeteria,Recreation Zone,150,utility,12899,24.1,3.7,0
2026-06-08,Workshop Lab,Academic Zone,60,utility,5227,24.1,3.7,0
2026-06-09,Boys Hostel - Block A,Hostel Zone,240,hostel,26726,23.9,1.1,0
2026-06-09,Boys Hostel - Block B,Hostel Zone,280,hostel,33701,23.9,1.1,0
2026-06-09,Girls Hostel,Hostel Zone,180,hostel,19038,23.9,1.1,0
2026-06-09,Admin Block,Admin Zone,80,admin,6802,23.9,1.1,0
2026-06-09,Academic Block,Academic Zone,600,academic,61226,23.9,1.1,0
2026-06-09,Library,Academic Zone,200,academic,17719,23.9,1.1,0
2026-06-09,Cafeteria,Recreation Zone,150,utility,13891,23.9,1.1,0
2026-06-09,Workshop Lab,Academic Zone,60,utility,5635,23.9,1.1,0
2026-06-10,Boys Hostel - Block A,Hostel Zone,240,hostel,29863,24.2,2.6,0
2026-06-10,Boys Hostel - Block B,Hostel Zone,280,hostel,30979,24.2,2.6,0
2026-06-10,Girls Hostel,Hostel Zone,180,hostel,21071,24.2,2.6,0
2026-06-10,Admin Block,Admin Zone,80,admin,7916,24.2,2.6,0
2026-06-10,Academic Block,Academic Zone,600,academic,56713,24.2,2.6,0
2026-06-10,Library,Academic Zone,200,academic,19066,24.2,2.6,0
2026-06-10,Cafeteria,Recreation Zone,150,utility,14151,24.2,2.6,0
2026-06-10,Workshop Lab,Academic Zone,60,utility,6108,24.2,2.6,0
2026-06-11,Boys Hostel - Block A,Hostel Zone,240,hostel,51578,24.1,0.6,1
2026-06-11,Boys Hostel - Block B,Hostel Zone,280,hostel,34521,24.1,0.6,0
2026-06-11,Girls Hostel,Hostel Zone,180,hostel,21070,24.1,0.6,0
2026-06-11,Admin Block,Admin Zone,80,admin,14735,24.1,0.6,1
2026-06-11,Academic Block,Academic Zone,600,academic,53998,24.1,0.6,0
2026-06-11,Library,Academic Zone,200,academic,17050,24.1,0.6,0
2026-06-11,Cafeteria,Recreation Zone,150,utility,12612,24.1,0.6,0
2026-06-11,Workshop Lab,Academic Zone,60,utility,5446,24.1,0.6,0
2026-06-12,Boys Hostel - Block A,Hostel Zone,240,hostel,28684,23.5,4.1,0
2026-06-12,Boys Hostel - Block B,Hostel Zone,280,hostel,32924,23.5,4.1,0
2026-06-12,Girls Hostel,Hostel Zone,180,hostel,19504,23.5,4.1,0
2026-06-12,Admin Block,Admin Zone,80,admin,7398,23.5,4.1,0
2026-06-12,Academic Block,Academic Zone,600,academic,60934,23.5,4.1,0
2026-06-12,Library,Academic Zone,200,academic,19719,23.5,4.1,0
2026-06-12,Cafeteria,Recreation Zone,150,utility,14632,23.5,4.1,0
2026-06-12,Workshop Lab,Academic Zone,60,utility,5461,23.5,4.1,0
2026-06-13,Boys Hostel - Block A,Hostel Zone,240,hostel,17433,23.3,15.0,0
2026-06-13,Boys Hostel - Block B,Hostel Zone,280,hostel,19645,23.3,15.0,0
2026-06-13,Girls Hostel,Hostel Zone,180,hostel,13167,23.3,15.0,0
2026-06-13,Admin Block,Admin Zone,80,admin,4840,23.3,15.0,0
2026-06-13,Academic Block,Academic Zone,600,academic,39642,23.3,15.0,0
2026-06-13,Library,Academic Zone,200,academic,12433,23.3,15.0,0
2026-06-13,Cafeteria,Recreation Zone,150,utility,8225,23.3,15.0,0
2026-06-13,Workshop Lab,Academic Zone,60,utility,3724,23.3,15.0,0
2026-06-14,Boys Hostel - Block A,Hostel Zone,240,hostel,16254,23.8,4.9,0
2026-06-14,Boys Hostel - Block B,Hostel Zone,280,hostel,22738,23.8,4.9,0
2026-06-14,Girls Hostel,Hostel Zone,180,hostel,12919,23.8,4.9,0
2026-06-14,Admin Block,Admin Zone,80,admin,4775,23.8,4.9,0
2026-06-14,Academic Block,Academic Zone,600,academic,33429,23.8,4.9,0
2026-06-14,Library,Academic Zone,200,academic,12549,23.8,4.9,0
2026-06-14,Cafeteria,Recreation Zone,150,utility,9075,23.8,4.9,0
2026-06-14,Workshop Lab,Academic Zone,60,utility,3500,23.8,4.9,0
2026-06-15,Boys Hostel - Block A,Hostel Zone,240,hostel,27349,24.9,0,0
2026-06-15,Boys Hostel - Block B,Hostel Zone,280,hostel,35299,24.9,0,0
2026-06-15,Girls Hostel,Hostel Zone,180,hostel,19624,24.9,0,0
2026-06-15,Admin Block,Admin Zone,80,admin,7705,24.9,0,0
2026-06-15,Academic Block,Academic Zone,600,academic,57924,24.9,0,0
2026-06-15,Library,Academic Zone,200,academic,16779,24.9,0,0
2026-06-15,Cafeteria,Recreation Zone,150,utility,14717,24.9,0,0
2026-06-15,Workshop Lab,Academic Zone,60,utility,5268,24.9,0,0
